genotype_name,genotype_id,plant_id,location,treatment,rep,R01_raceme_start,R02_mean_rate,R03_max_rate,R04_DAS_of_max_rate,R05_main_ext_period,R06_50ht_period,R07_75ht_period,R08_50ht_rate,R09_75ht_rate,R10_max_height,R11_max_height_DAS,R12_extension_days_to_max,R13_raceme_collapse,R14_BBCH51_to_raceme_start,R15_elong_in_vern,F01_first_flowers_DAS,F02_peak_flowers_DAS,F03_flowering_days_to_peak,F06_pixel.day_peak,F07_pixel.days_to_peak,F09_mean_pixel.days_to_peak,Ground_BBCH51,Ground_BBCH60,Ground_60-51,Auto60-ground51,F05_flowering_finished,F04_total_flowering_days,F08_total_pixel.days,date of collapse,"Comments, warning",further comments,,,,,,
Capitol,BR017-028,BR017-028121,1,2,1,87.07586806,70.79785378,128.1762049,94.07594907,18.58107174,6.769929096,13.04008634,87.07624432,80.00330464,1815,110.0758681,23,0,-0.92413194,0,95,102,8,12346,54511.5,6813.9375,88,95,7,7,NO,16,125753.5,0,0,0,,,,,,
Capitol,BR017-028,BR017-028122,1,2,2,87.42908565,75.88249341,153.9573331,91.54407407,17.88686611,6.153029883,12.43374776,104.4201007,87.60431862,1787,109.5455093,22.11642361,0,-0.57091435,0,94,109,16,10431,123673,7729.5625,88,95,7,6,NO,16,123673,0,0,0,,,,,,
Capitol,BR017-028,BR017-028223,2,2,3,87.77108796,86.43780371,153.4220189,89.77118056,14.40110631,4.036384353,9.397957328,129.8191535,103.6927458,1802,106.819919,19.04883102,0,-0.22891204,0,92,105,14,8223,79189,5656.357143,88,92,4,4,NO,15,86313,0,0,0,,,,,,
Apex,BR017-040,BR017-040121,1,2,1,89.17479167,49.16082233,123.9756067,95.16472222,24.09235533,7.967757209,17.20028457,64.00797447,54.15608075,1686,118.8794213,29.70462963,0,-0.82520833,0,97,109,13,8943,70122,5394,90,97,7,7,NO,22,126576,0,0,0,,,,,,
Apex,BR017-040,BR017-040122,1,2,2,94.47743056,51.75393726,153.7422377,97.45016204,19.61010222,4.453972801,13.1326193,87.6745363,59.45120179,1561,118.8078241,24.33039352,0,1.47743056,0,96,118,23,6583,118440,5149.565217,93,97,4,3,NO,23,118440,0,0,0,,,,,,
Apex,BR017-040,BR017-040223,2,2,3,88.82861111,73.8094302,127.6398171,92.75793981,15.82589104,5.680895782,11.82439507,90.21464566,77.99553334,1639,118.0035532,29.17494213,0,0.82861111,0,92,100,9,6269,35141,3904.555556,88,92,4,4,NO,27,126934.5,0,0,0,,,,,,
Expert,BR017-055,BR017-055121,1,2,1,87.13925926,67.09947268,119.4541608,90.82384259,15.89580301,4.553451149,10.11473269,98.60652619,82.55284896,1544,109.3984144,22.25915509,0,2.13925926,0,89,109,21,10290,126895,6042.619048,85,90,5,4,NO,22,134580,0,0,0,,,,,,
Expert,BR017-055,BR017-055122,1,2,2,86.36966435,68.74666251,153.6658647,89.38012731,17.29102122,4.24347138,10.91387832,125.2512277,86.33502886,1643,110.3690972,23.99943287,0,-1.63033565,0,89,94,6,10990,40478,6746.333333,88,90,2,1,NO,22,170575.5,0,0,0,,,,,,
Expert,BR017-055,BR017-055223,2,2,3,84.7275,71.57271498,222.4510814,88.81290509,15.6651875,3.959534722,10.07337504,118.7008154,87.06118818,1628,105.6039815,20.87648148,0,3.7275,0,85,99,15,11245,94081.5,6272.1,81,88,7,4,NO,22,146348,0,0,0,,,,,,
APEX-93_5_X_GINYOU_3_DH_LINE,BR017-090,BR017-090121,1,2,1,78.24642361,56.0342337,93.07510363,80.19571759,16.54345815,3.742867041,11.05757912,88.43488064,63.62152082,1490,103.5925,25.34607639,0,4.24642361,0,79,94,16,28113,211943.5,13246.46875,74,81,7,5,NO,32,300722.5,0,0,0,,,,,,
APEX-93_5_X_GINYOU_3_DH_LINE,BR017-090,BR017-090122,1,2,2,77.43523148,57.60979618,93.87089917,78.41530093,16.08233428,4.438635587,11.21175381,79.41629653,63.43788958,1435,100.4358102,23.0005787,0,3.43523148,0,79,94,16,27662,194181.5,12136.34375,74,78,4,5,YES,22,263493,0,0,0,,,,,,
APEX-93_5_X_GINYOU_3_DH_LINE,BR017-090,BR017-090223,2,2,3,73.79269676,61.51365589,97.44246426,77.79178241,18.28374503,5.676981894,12.99572667,90.10069251,68.84955516,1533,98.80460648,25.01190972,0,-0.20730324,0,77,89,13,31080,157063,12081.76923,74,78,4,3,NO,30,328836,0,0,0,,,,,,
CANBERRA_x_COURAGE_DH_LINE,BR017-093,BR017-093121,1,2,1,87.13611111,68.86459726,157.6762223,90.82071759,18.25321065,5.849540433,12.03080227,96.58878445,82.91217638,1730,110.1358565,22.99974537,0,-0.86388889,0,90,97,8,8175,25960,3245,88,92,4,2,NO,21,117674,0,0,0,,,,,,
CANBERRA_x_COURAGE_DH_LINE,BR017-093,BR017-093122,1,2,2,87.41649306,74.20228211,141.1252269,91.53149306,16.9603948,5.410509917,11.5096372,109.5090868,87.64394418,1665,109.5329167,22.11642361,0,-0.58350694,0,91,99,9,7873,45490,5054.444444,88,92,4,3,NO,19,112727.5,0,0,0,,,,,,
CANBERRA_x_COURAGE_DH_LINE,BR017-093,BR017-093223,2,2,3,86.80664352,80.94842134,172.2183569,89.03674769,15.02438194,4.026013068,9.943586902,133.3825775,96.69548921,1698,106.8545255,20.04788194,0,-1.19335648,0,89,94,6,6734,22593,3765.5,88,90,2,1,NO,18,87875,0,0,0,,,,,,
HANSEN_X_GASPARD_DH_LINE,BR017-096,BR017-096121,1,2,1,89.16532407,72.40300171,127.2788204,94.15505787,16.8970895,4.895452596,11.38943519,108.0594674,84.55204181,1736,110.1547338,20.98940972,0,1.16532407,0,94,109,16,9767,95764.5,5985.28125,88,92,4,6,NO,17,104525.5,0,0,0,,,,,,
HANSEN_X_GASPARD_DH_LINE,BR017-096,BR017-096122,1,2,2,87.37717593,69.93959835,134.7852523,94.37732639,17.46507027,6.395484904,12.41709973,84.9818283,77.89661201,1695,110.376956,22.99978009,0,-2.62282407,0,94,110,17,9613,106377,6257.470588,90,92,2,4,NO,17,106377,0,0,0,,,,,,
HANSEN_X_GASPARD_DH_LINE,BR017-096,BR017-096223,2,2,3,86.80349537,80.71687918,152.1676301,89.80248843,15.3251713,4.897504244,10.8904418,113.7313971,90.17081383,1700,106.8513889,20.04789352,0,-1.19650463,0,91,100,10,8519,62451.5,6245.15,88,90,2,3,NO,16,106495,0,0,0,,,,,,
MADRIGAL_x_RECITAL_DH_LINE,BR017-097,BR017-097121,1,2,1,86.15168981,87.94165465,144.2570096,89.16217593,14.51075722,4.541056702,10.02501933,119.0251599,99.77536872,1839,109.4110301,23.25934028,0,3.15168981,0,90,109,20,11477,167671.5,8383.575,83,90,7,7,NO,21,176994.5,0,0,0,,,,,,
MADRIGAL_x_RECITAL_DH_LINE,BR017-097,BR017-097122,1,2,2,86.42623843,78.37250348,152.2011203,89.43643519,16.13448523,4.142077734,10.28173057,130.9729162,96.65201726,1805,109.5423611,23.11612269,0,1.42623843,0,89,95,7,11239,45197,6456.714286,85,90,5,4,NO,21,140407.5,0,0,0,,,,,,
MADRIGAL_x_RECITAL_DH_LINE,BR017-097,BR017-097223,2,2,3,83.85311343,86.60927512,156.4376329,86.85372685,14.9094886,4.712374554,10.26637255,120.6398162,99.37784697,1807,105.7455208,21.89240741,0,0.85311343,0,87,94,8,13949,54600.5,6825.0625,83,88,5,4,NO,20,165058.5,0,0,0,,,,,,
RAFAL_DH1,BR017-098,BR017-098121,1,2,1,87.12665509,73.27127185,157.0713634,90.81134259,18.65806292,6.619286579,12.83748944,95.40303059,85.00493848,1839,110.1264005,22.99974537,0,-0.87334491,0,94,100,7,12896,61034,8719.142857,88,92,4,6,NO,17,161782,0,0,0,,,,,,
RAFAL_DH1,BR017-098,BR017-098122,1,2,2,87.45111111,72.59220166,112.2964663,94.45131944,18.27606781,7.41816476,13.51812781,83.78082991,78.57966834,1763,109.5675347,22.11642361,0,-0.54888889,0,94,100,7,10778,52282,7468.857143,88,95,7,6,NO,16,133714,0,0,0,,,,,,
RAFAL_DH1,BR017-098,BR017-098223,2,2,3,86.83846065,87.44333877,158.382348,88.86649306,13.42926764,3.828634161,8.676605541,132.5537982,106.522072,1667,106.8859491,20.04748843,0,-1.16153935,0,91,98,8,16203,90029.5,11253.6875,88,90,2,3,NO,16,174817,0,0,0,,,,,,
EUROL,BR017-101,BR017-101121,1,2,1,90.81446759,71.24714589,151.9700985,95.12997685,17.78457206,6.762580128,14.47806116,78.59426283,68.46565913,1839,117.7888657,26.97439815,0,-1.18553241,0,97,109,13,5190,32195,2476.538462,92,97,5,5,NO,22,62665,0,0,0,,,,,,
EUROL,BR017-101,BR017-101122,1,2,2,91.43175926,64.2546103,191.7159763,97.48488426,19.84449044,6.050516975,14.05305604,89.16593445,71.10553016,1839,117.8484259,26.41666667,0,1.43175926,0,95,109,15,4826,46512.5,3100.833333,90,97,7,5,NO,24,84401,0,0,0,,,,,,
EUROL,BR017-101,BR017-101223,2,2,3,89.01467593,86.48660793,146.847491,92.81434028,14.8473854,5.579135521,10.9840009,98.31272209,91.79259992,1839,118.070787,29.05611111,0,-0.98532407,0,92,118,27,4830,97430,3608.518519,90,95,5,2,NO,27,97430,0,0,0,,,,,,
Lesira,BR017-102,BR017-102121,1,2,1,86.05694444,,,,,,,,,,,,1,3.05694444,0,91,,,,,,83,92,9,8,,,,97,0,0,,,,,,
Lesira,BR017-102,BR017-102122,1,2,2,86.36491898,60.36763347,159.1343387,89.37540509,21.23654558,3.847293853,12.25054398,142.9576271,82.2412459,1830,118.796794,32.431875,0,-1.63508102,0,92,110,19,16256,112663,5929.631579,88,92,4,4,NO,27,193924,0,0,0,,,,,,
Lesira,BR017-102,BR017-102223,2,2,3,84.72435185,,,,,,,,,,,,1,3.72435185,0,89,,,,,,81,90,9,8,NO,30,85135,0,0,0,,,,,,
LICROWN_X_EXPRESS_DH_LINE,BR017-105,BR017-105121,1,2,1,87.08219907,,,,,,,,,,,,1,-0.91780093,0,94,,,,,,88,92,4,6,,,,99,0,0,,,,,,
LICROWN_X_EXPRESS_DH_LINE,BR017-105,BR017-105122,1,2,2,86.4078588,76.53274832,131.6218446,91.5225463,15.42999599,5.372294354,10.30067422,99.86422275,91.1833517,1611,109.5239583,23.11609954,0,-1.5921412,0,91,109,19,5607,80173,4219.631579,88,92,4,3,NO,19,80173,0,0,0,,,,,,
LICROWN_X_EXPRESS_DH_LINE,BR017-105,BR017-105223,2,2,3,86.73766204,81.41686029,143.464279,88.83805556,14.8863515,4.457167202,9.811870854,117.5634604,97.22916396,1720,106.7856597,20.04799769,0,1.73766204,0,89,105,17,7815,91453.5,5379.617647,85,90,5,4,NO,18,98448.5,0,0,0,,,,,,
SHANNON_x_WINNER_DH_LINE,BR017-106,BR017-106121,1,2,1,86.06641204,65.24539611,145.7501626,89.07670139,16.89927667,3.681873575,10.0665558,124.1215894,85.48107388,1614,110.066412,24,0,3.06641204,0,91,97,7,17600,45315,6473.571429,83,92,9,8,NO,20,171560,0,0,0,,,,,,
SHANNON_x_WINNER_DH_LINE,BR017-106,BR017-106122,1,2,2,85.50527778,69.97679639,152.0527961,87.50563657,17.92594209,4.165786458,11.20627625,132.5079923,88.43258706,1756,109.6224537,24.11717593,0,2.50527778,0,89,98,10,16716,88351.5,8835.15,83,90,7,6,NO,21,221339,0,0,0,,,,,,
SHANNON_x_WINNER_DH_LINE,BR017-106,BR017-106223,2,2,3,83.80009259,72.09176593,135.2902683,86.8003588,15.57459421,4.012321272,10.2345708,115.1453158,85.49454754,1652,105.6920139,21.8919213,0,0.80009259,0,88,96,9,16529,79773.5,8863.722222,83,90,7,5,NO,19,149384,0,0,0,,,,,,
Janetzkis_Schlesischer,BR017-107,BR017-107121,1,2,1,99.06332176,61.4209432,103.3288824,101.0601042,16.65392856,4.825454712,11.98469325,84.24076575,66.06343471,1541,118.8542477,19.79092593,0,4.06332176,0,102,118,17,4550,30250,1779.411765,95,102,7,7,NO,17,30250,0,0,0,,,,,,
Janetzkis_Schlesischer,BR017-107,BR017-107122,1,2,2,97.96523148,60.89124299,124.1706388,98.4484375,17.32268793,4.67933586,12.11702844,84.19998303,66.60048742,1652,118.8463889,20.88115741,0,2.96523148,0,99,117,19,4685,44115,2321.842105,95,99,4,4,NO,20,48690,0,0,0,,,,,,
Janetzkis_Schlesischer,BR017-107,BR017-107223,2,2,3,95.8443287,58.00863424,134.7940474,98.8234838,18.7816868,5.717234364,13.07853361,83.16958336,65.69926152,1535,118.9094213,23.06509259,0,0.8443287,0,99,118,20,3195,37500,1875,95,99,4,4,NO,20,37500,0,0,0,,,,,,
LEMBKES_MALCHOWER_LENORA,BR017-108,BR017-108121,1,2,1,118.7826273,58.3290933,90.48720111,120.4845255,15.51027024,5.681048687,11.16914335,64.68876087,62.96364706,1343,144.7219676,25.93934028,0,7.7826273,0,118,130,13,1600,8554.5,658.0384615,111,120,9,7,NO,27,20299.5,0,0,0,,,,,,
LEMBKES_MALCHOWER_LENORA,BR017-108,BR017-108122,1,2,2,104.6035069,41.52901865,68.92038243,120.6909954,22.14114443,13.11744615,18.4968536,29.9982173,39.04718153,1315,139.3633333,34.75982639,0,-4.3964931,0,117,124,8,1785,8950,1118.75,109,113,4,8,YES,17,13930,0,0,0,,,,,,
LEMBKES_MALCHOWER_LENORA,BR017-108,BR017-108223,2,2,3,106.7731019,52.5948609,107.0449011,119.7057407,26.1831665,15.91986692,22.17427874,40.29556297,49.66339664,1839,137.4314352,30.65833333,0,-4.2268981,0,119,124,6,2880,10780,1796.666667,111,116,5,8,NO,20,31253,0,0,0,,,,,,
NORIN,BR017-109,BR017-109121,1,2,1,101.0821991,81.52028115,97.0767258,109.0854167,8.8922657,3.475870833,6.568785201,70.34208455,82.93009793,1201,117.8551389,16.77293981,0,4.0821991,0,102,109,8,1877,8684,1085.5,97,102,5,5,NO,17,18698,0,0,0,,,,,,
NORIN,BR017-109,BR017-109122,1,2,2,99.41315972,67.01941126,,,19.89125203,5.768644535,13.89349126,103.5771915,76.09678373,1839,123.4236343,24.01047454,0,4.41315972,0,100,137,38,2779,58926,1550.684211,95,99,4,5,NO,39,60305,0,0,0,,,,,,
NORIN,BR017-109,BR017-109223,2,2,3,96.71552083,66.84141054,117.9808827,100.7158796,19.73477204,6.962065826,14.58728295,83.81133052,71.51777363,1839,120.658669,23.94314815,0,1.71552083,0,98,126,29,1811,35059,1208.931034,95,99,4,3,NO,29,35059,0,0,0,,,,,,
Samourai,BR017-113,BR017-113121,1,2,1,86.19231481,,,,,,,,,,,,1,1.19231481,0,94,,,,,,85,92,7,9,,,,95,0,0,,,,,,
Samourai,BR017-113,BR017-113122,1,2,2,83.48996528,,,,,,,,,,,,1,0.48996528,0,89,,,,,,83,90,7,6,,,,90,0,0,,,,,,
Samourai,BR017-113,BR017-113223,2,2,3,85.85663194,,,,,,,,,,,,1,-2.14336806,0,91,,,,,,88,90,2,3,NO,16,47612,0,0,0,,,,,,
Baltia,BR017-133,BR017-133121,1,2,1,89.13378472,71.15650226,132.7198207,94.12346065,19.0158307,6.78121761,13.69293998,91.06034278,78.67192885,1839,117.7841551,28.65037037,0,-0.86621528,0,95,109,15,7400,62182.5,4145.5,90,95,5,5,NO,24,104952.5,0,0,0,,,,,,
Baltia,BR017-133,BR017-133122,1,2,2,89.39115741,70.97791175,127.9530082,92.49599537,15.92889918,5.331081077,11.39836176,96.97845381,79.00258115,1534,110.3801042,20.98894676,0,-0.60884259,0,94,110,17,5510,61952.5,3644.264706,90,95,5,4,NO,17,61952.5,0,0,0,,,,,,
Baltia,BR017-133,BR017-133223,2,2,3,89.80875,70.36885221,144.8271012,92.83939815,19.38926041,6.218726852,13.11443345,102.5933467,83.26703584,1816,117.9791088,28.1703588,0,-0.19125,0,94,99,6,4320,20007.5,3334.583333,90,95,5,4,NO,25,72190.5,0,0,0,,,,,,
Coriander,BR017-137,BR017-137121,1,2,1,86.09476852,75.71315707,117.4027948,89.10509259,18.24121531,6.858267711,12.79486871,94.11997711,86.38228534,1839,109.0948958,23.00012731,0,3.09476852,0,91,109,19,10305,136478,7183.052632,83,92,9,8,NO,20,146126,0,0,0,,,,,,
Coriander,BR017-137,BR017-137122,1,2,2,86.48079861,67.87205907,131.8195426,89.49078704,17.50352083,4.448427855,11.05538263,112.3992602,84.12191884,1720,109.5972917,23.11649306,0,3.48079861,0,89,98,10,16613,73562.5,7356.25,83,90,7,6,NO,21,189280,0,0,0,,,,,,
Coriander,BR017-137,BR017-137223,2,2,3,84.74638889,85.48831569,146.1353105,87.73043981,14.53648946,5.049642591,10.43890336,111.9881239,94.7178038,1693,105.6228819,20.87649306,0,3.74638889,0,88,99,12,13679,101099.5,8424.958333,81,90,9,7,NO,19,158029.5,0,0,0,,,,,,
Dippes,BR017-139,BR017-139121,1,2,1,94.14873843,73.92658629,162.662189,98.14877315,13.61891642,5.217007474,10.37518555,75.52222264,74.89022689,1532,110.1484375,15.99969907,0,-0.85126157,0,101,109,9,7438,44132,4903.555556,95,102,7,6,NO,10,50387,0,0,0,,,,,,
Dippes,BR017-139,BR017-139122,1,2,2,96.51925926,87.58933958,132.8644486,99.50269676,10.88260289,3.006176873,7.55643778,125.7411044,97.59889798,1438,109.6193056,13.1000463,0,1.51925926,0,100,109,10,5052,27928.5,2792.85,95,102,7,5,NO,10,27928.5,0,0,0,,,,,,
Dippes,BR017-139,BR017-139223,2,2,3,95.80050926,96.2339774,123.8592007,98.77946759,8.922004714,3.2141206,6.238754161,99.87179698,105.309487,1344,106.8167824,11.01627315,0,0.80050926,0,105,105,1,4435,4435,4435,95,104,9,10,NO,2,8215,0,0,0,,,,,,
Kromerska,BR017-150,BR017-150121,1,2,1,94.19844907,36.11947227,129.2530988,97.74383102,28.84870499,3.879463577,13.65261856,113.9332774,59.84200001,1500,126.6759606,32.47751157,0,1.19844907,0,97,125,29,5868,40799.5,1406.87931,93,97,4,4,NO,30,45414.5,0,0,0,,,,,,
Kromerska,BR017-150,BR017-150122,1,2,2,99.43832176,46.97278716,104.4604483,104.6319213,20.00519996,3.992187883,9.8459673,93.80821017,73.91350975,1413,125.4425926,26.00427083,0,2.43832176,0,104,126,23,5071,44106.5,1917.673913,97,102,5,7,NO,23,44106.5,0,0,0,,,,,,
Kromerska,BR017-150,BR017-150223,2,2,3,94.79032407,51.95024022,140.4021938,96.79106481,22.2982607,3.853953666,11.38626957,123.5095285,79.26213185,1706,126.518125,31.72780093,0,2.79032407,0,96,126,31,3935,67584,2180.129032,92,97,5,4,NO,31,67584,0,0,0,,,,,,
Matador,BR017-160,BR017-160121,1,2,1,89.08931713,71.00367523,136,95.0791088,16.74420368,6.76256228,11.66903221,76.96786787,80.40512555,1671,110.0790162,20.98969907,0,-0.91068287,0,97,102,6,7195,24838,4139.666667,90,97,7,7,NO,14,74063,0,0,0,,,,,,
Matador,BR017-160,BR017-160122,1,2,2,89.5096412,75.10261489,141.7643598,95.52226852,15.87694386,5.039180955,10.41405105,101.2069232,89.92658048,1706,109.616169,20.10652778,0,-0.4903588,0,95,100,6,5612,22732,3788.666667,90,97,7,5,NO,15,70363.5,0,0,0,,,,,,
Matador,BR017-160,BR017-160223,2,2,3,91.89858796,91.51645319,143.1404803,94.85609954,11.81536174,3.409543004,7.812282986,123.9169002,106.7869663,1647,106.9043634,15.00577546,0,1.89858796,0,95,106,12,4103,34242,2853.5,90,97,7,5,NO,12,34242,0,0,0,,,,,,
Ramses,BR017-168,BR017-168121,1,2,1,87.20136574,69.02652567,138.4406083,90.74321759,18.25385224,5.92787369,12.31668887,91.76983661,80.50053147,1790,110.2011921,22.99982639,0,-0.79863426,0,94,100,7,8151,43755.5,6250.785714,88,92,4,6,NO,17,111318,0,0,0,,,,,,
Ramses,BR017-168,BR017-168122,1,2,2,87.48675926,67.91653136,131.4518475,91.4065162,16.26997106,5.303679493,11.18801271,91.44594817,77.98525285,1550,109.6035764,22.11681713,0,-0.51324074,0,92,100,9,8312,41930,4658.888889,88,92,4,4,NO,18,101864,0,0,0,,,,,,
Ramses,BR017-168,BR017-168223,2,2,3,86.77515046,82.52900535,171.6297968,89.77431713,14.53186059,4.398762789,9.797268774,118.3287267,96.42993591,1697,106.8230671,20.04791667,0,-1.22484954,0,91,98,8,7845,46995,5874.375,88,95,7,3,NO,16,100165.5,0,0,0,,,,,,
Slovenska_Krajova,BR017-172,BR017-172121,1,2,1,89.15586806,43.78732611,105.5655823,94.1455787,26.15825404,6.862858594,20.8274197,75.0416161,43.64438864,1576,118.8605324,29.70466435,0,-0.84413194,0,94,118,25,5691,63706,2548.24,90,95,5,4,NO,25,63706,0,0,0,,,,,,
Slovenska_Krajova,BR017-172,BR017-172122,1,2,2,89.43328704,39.6013375,100.5130756,94.42298611,32.29183862,7.004467593,23.99216382,84.80301924,42.59724166,1712,126.6797801,37.24649306,0,1.43328704,0,94,124,31,7200,83257.5,2685.725806,88,92,4,6,NO,33,96997.5,0,0,0,,,,,,
Slovenska_Krajova,BR017-172,BR017-172223,2,2,3,87.84944444,60.63371828,116.4625212,92.87974537,23.27252954,8.402480067,15.92795147,80.39293097,71.27407453,1839,117.9298495,30.08040509,0,-0.15055556,0,91,105,15,5501,60186.5,4012.433333,88,92,4,3,NO,27,121968.5,0,0,0,,,,,,
CANARD,BR017-185,BR017-185121,1,2,1,94.06961806,81.28152575,126.2110303,97.52582176,13.35358792,4.024367943,9.821743614,111.0733428,86.13541884,1596,110.0695602,15.99994213,0,2.06961806,0,97,110,14,3584,34895,2492.5,92,97,5,5,NO,14,34895,0,0,0,,,,,,
CANARD,BR017-185,BR017-185122,1,2,2,89.46476852,66.84274967,155.8755161,95.4552662,17.28684122,7.825950154,13.4984701,61.01495545,66.76682566,1695,109.5706713,20.10590278,0,-0.53523148,0,96,109,14,4416,46529,3323.5,90,97,7,6,NO,14,46529,0,0,0,,,,,,
CANARD,BR017-185,BR017-185223,2,2,3,89.78684028,74.42091293,149.885715,92.81747685,14.39380354,4.857227119,10.83997797,89.76314867,76.84517461,1588,106.8356481,17.04880787,0,-0.21315972,0,94,102,9,4557,25274.5,2808.277778,90,95,5,4,NO,13,39520.5,0,0,0,,,,,,
Dwarf_Essex,BR017-193,BR017-193121,1,2,1,91.4937037,26.9104254,73.54756331,98.09171296,39.41966671,20.12256869,32.3218175,18.68548722,24.8748388,1712,139.4151505,47.92144676,0,-10.5062963,1,109,126,18,3800,16649,924.9444444,102,109,7,7,YES,32,42305,0,0,Elongated in vern,,,,,,
Dwarf_Essex,BR017-193,BR017-193122,1,2,2,,,,,,,,,,,,,0,,1,,,,,,,102,,,,,,,0,"Main stem aborted, branch BBCH51 *117 ",Elongated in vern,,,,,,
Dwarf_Essex,BR017-193,BR017-193223,2,2,3,88.99625,26.44027089,67.45743371,106.8141435,43.61150477,22.24902698,37.81374531,18.76486556,23.19923596,1839,137.4158681,48.41961806,0,-6.00375,1,105,133,29,2855,22785,785.6896552,95,104,9,10,YES,33,28800,0,0,Elongated in vern,,,,,,
Taisetsu,BR017-203,BR017-203121,1,2,1,90.84262731,58.82232402,174.9675986,95.15840278,17.18055206,5.352277487,10.68428819,76.41606793,73.4723723,1504,118.873125,28.03049769,0,0.84262731,0,97,117,21,4341,47640,2268.571429,90,97,7,7,NO,22,51389,0,0,0,,,,,,
Taisetsu,BR017-203,BR017-203122,1,2,2,92.52783565,53.94667383,173.6136834,97.45648148,23.98850398,5.214317661,17.24970442,107.1089328,59.029997,1839,127.3888194,34.8609838,0,-0.47216435,0,98,120,23,6278,71536,3110.26087,93,97,4,5,NO,41,140897,0,0,0,,,,,,
Taisetsu,BR017-203,BR017-203223,2,2,3,88.83490741,80.15687628,161.069293,92.76421296,13.62952314,3.864116221,9.14906988,120.7261825,93.75269959,1565,106.7825231,17.94761574,0,-1.16509259,0,92,105,14,4186,33236,2374,90,92,2,2,NO,15,36479,0,0,0,,,,,,
BRAUNER_SCHNITTKOHL,BR017-206,BR017-206121,1,2,1,95.133125,56.1895706,104.8451709,102.715544,20.08201857,9.092898667,14.91729552,46.84974677,57.98638222,1756,118.8479514,23.71482639,0,-1.866875,0,109,118,10,1839,15233,1523.3,97,106,9,12,NO,10,15233,0,0,0,,,,,,
BRAUNER_SCHNITTKOHL,BR017-206,BR017-206122,1,2,2,99.44775463,80.52323505,115.4299058,104.6414005,8.951453572,2.265461863,5.042038675,91.81350761,104.818712,1282,118.7409028,19.29314815,0,2.44775463,0,104,109,6,1261,6420,1070,97,102,5,7,NO,15,12703.5,0,0,0,,,,,,
BRAUNER_SCHNITTKOHL,BR017-206,BR017-206223,2,2,3,94.84034722,63.55252195,156.192823,98.85162037,18.4587482,4.637119587,11.66761073,94.34736192,76.90092003,1839,117.9203819,23.08003472,0,-0.15965278,0,99,106,8,4462,19823.5,2477.9375,95,99,4,4,NO,40,106286,0,0,0,,,,,,
CHEMBERE_DZAGUMHANA,BR017-207,BR017-207121,1,2,1,87.04876157,,,,,,,,,,,,1,-0.95123843,0,94,,,,,,88,95,7,6,,,,99,0,0,,,,,,
CHEMBERE_DZAGUMHANA,BR017-207,BR017-207122,1,2,2,90.62337963,,,,,,,,,,,,1,0.62337963,0,94,,,,,,90,95,5,4,NO,45,244298,0,0,0,,,,,,
CHEMBERE_DZAGUMHANA,BR017-207,BR017-207223,2,2,3,91.83945602,56.46575856,136.6214716,95.82868056,22.6349567,6.091805979,13.94576292,89.05405094,71.86770673,1839,123.5584375,31.71898148,1,1.83945602,0,96,123,28,7710,116541,4162.178571,90,97,7,6,NO,31,137311,0,0,0,,,,,,
COUVE_NABICA,BR017-208,BR017-208121,1,2,1,86.12065972,,,,,,,,,,,,1,3.12065972,0,90,,,,,,83,90,7,7,,,,92,0,0,,,,,,
COUVE_NABICA,BR017-208,BR017-208122,1,2,2,86.49652778,,,,,,,,,,,,1,3.49652778,0,89,,,,,,83,88,5,6,,,,92,fasciated stem,severe,,,,,,
COUVE_NABICA,BR017-208,BR017-208223,2,2,3,85.8534838,,,,,,,,,,,,1,0.8534838,0,87,,,,,,85,88,3,2,NO,52,51677.5,0,0,0,,,,,,
RAGGED_JACK,BR017-209,BR017-209121,1,2,1,,,,,,,,,,,,,,,,,,,,,,,,,,,,,0,0,0,,,,,,
RAGGED_JACK,BR017-209,BR017-209122,1,2,2,,,,,,,,,,,,,,,,,,,,,,,,,,,,,0,0,0,,,,,,
RAGGED_JACK,BR017-209,BR017-209223,2,2,3,,,,,,,,,,,,,,,,,,,,,,,,,,,,,0,0,0,,,,,,
SLAPSKA_SLAPY,BR017-212,BR017-212121,1,2,1,118.8621065,42.92594888,105.8035714,127.3216204,17.32052568,5.804160723,9.580598712,38.85143964,57.32940253,1295,138.309375,19.44726852,0,7.8621065,0,130,130,1,705,705,705,111,130,19,19,YES,3,2560,0,0,0,,,,,,
SLAPSKA_SLAPY,BR017-212,BR017-212122,1,2,2,123.3922338,43.13742233,105.349591,127.3922801,17.88933966,3.359322404,6.91622384,68.61502776,82.23418055,1353,144.7354051,21.3431713,0,14.3922338,0,130,144,15,1390,10385,692.3333333,109,130,21,21,NO,15,10385,0,0,0,,,,,,
SLAPSKA_SLAPY,BR017-212,BR017-212223,2,2,3,105.6699653,,,,,,,,,,,,0,,0,123,,,,,,,,,,,,,0,collapsed racemes,0,,,,,,
ABUKUMA_NATANE,BR017-213,BR017-213121,1,2,1,98.05380787,24.62378474,54.99872688,99.05383102,17.80392432,1.191508077,9.237475792,53.713442,32.25989509,936,126.569919,28.51611111,0,6.05380787,0,102,117,16,2510,16760,1047.5,92,102,10,10,NO,26,29672.5,0,0,0,,,,,,
ABUKUMA_NATANE,BR017-213,BR017-213122,1,2,2,91.3944213,46.86440015,154.9175089,94.47478009,26.50839435,5.118075477,14.65023692,100.7214533,66.19346876,1817,127.3969097,36.00248843,0,1.3944213,0,94,118,25,7815,95915,3836.6,90,95,5,4,NO,45,182123,0,0,0,,,,,,
ABUKUMA_NATANE,BR017-213,BR017-213223,2,2,3,100.7064699,,,,,,,,,,,,0,10.7064699,0,106,,,,,,90,99,9,16,YES,15,1185,0,0,0,,,,,,
GROENE_GRONINGER_SNIJMOES,BR017-218,BR017-218121,1,2,1,85.14181713,85.03159691,139.28263,89.15270833,14.21001185,4.235721858,9.593453554,121.2308119,98.79132625,1737,102.7249769,17.58315972,0,7.14181713,0,90,101,12,10490,68940.5,5745.041667,78,90,12,12,NO,21,127585.5,0,0,0,,,,,,
GROENE_GRONINGER_SNIJMOES,BR017-218,BR017-218122,1,2,2,87.44166667,70.43458188,160.6106937,91.55665509,16.74745514,4.814438482,10.93429298,107.593025,85.19069337,1654,109.5580903,22.11642361,0,-0.55833333,0,94,100,7,6724,37706,5386.571429,88,92,4,6,NO,16,87773,0,0,0,,,,,,
GROENE_GRONINGER_SNIJMOES,BR017-218,BR017-218223,2,2,3,82.72368056,,,,,,,,,,,,1,1.72368056,0,87,,,,,,81,88,7,6,NO,20,143763.5,0,0,0,,,,,,
RAPID_CYCLING_RAPE_CrGC5,BR017-221,BR017-221121,1,2,1,,,,,,,,,,673,,,0,,1,,89,,683,,,35,,,,YES,NA,NA,0,0,"Flowered in vern, pods formed by removal",,,,,,
RAPID_CYCLING_RAPE_CrGC5,BR017-221,BR017-221122,1,2,2,,,,,,,,,,995,,,0,,1,,87,,1100,,,35,,,,YES,NA,NA,0,0,"Flowered in vern, pods formed by removal",,,,,,
RAPID_CYCLING_RAPE_CrGC5,BR017-221,BR017-221223,2,2,3,,,,,,,,,,1140,,,0,,1,,95,,390,,,35,,,,YES,NA,NA,0,0,"Flowered in vern, pods formed by removal",,,,,,
SWU_Chinese_1,BR017-229,BR017-229121,1,2,1,69.67163194,19.1395173,54.46590706,71.46438657,26.672564,0.084394097,11.98580054,53.32126473,26.76083245,1265,102.7438079,33.07217593,0,14.67163194,0,,87,,11315,,,55,,,15,NO,NA,NA,0,0,0,,,,,,
SWU_Chinese_1,BR017-229,BR017-229122,1,2,2,,,,,,,,,,1242,,,0,,0,70,89,,14785,,,55,71,16,15,NO,NA,NA,0,0,0,,,,,,
SWU_Chinese_1,BR017-229,BR017-229223,2,2,3,,,,,,,,,,1169,,,0,,0,69,85,,11995,,,55,69,14,14,NO,NA,NA,0,0,0,,,,,,
SWU_Chinese_2,BR017-230,BR017-230121,1,2,1,,,,,,,,,,1301,,,0,,1,70,90,,18530,,,55,69,14,15,YES,NA,NA,0,0,Elongated in vern,,,,,,
SWU_Chinese_2,BR017-230,BR017-230122,1,2,2,,,,,,,,,,1314,,,0,,1,70,89,,19855,,,55,71,16,15,YES,NA,NA,0,0,Elongated in vern,,,,,,
SWU_Chinese_2,BR017-230,BR017-230223,2,2,3,69.95103009,30.46220266,52.55371333,75.03826389,17.59885869,0.019715741,11.7011903,25.3604471,28.65093135,1339,95.89130787,25.94027778,0,14.95103009,1,69,88,,25918,,,55,74,19,14,YES,NA,NA,0,0,Elongated in vern,,,,,,
Zhouyou,BR017-237,BR017-237121,1,2,1,74.2983912,59.62929959,97.06472894,77.29798611,19.56420766,5.665649521,13.85465422,84.89759174,65.64581008,1714,103.6961227,29.39773148,0,5.2983912,0,77,94,18,17727,162843.5,9046.861111,69,81,12,8,NO,34,197905,0,0,0,,,,,,
Zhouyou,BR017-237,BR017-237222,2,2,2,73.63871528,63.07167818,109.1503344,73.63871528,20.32766587,5.902241345,15.08618901,92.59194399,66.70007907,1839,98.65054398,25.0118287,0,4.63871528,0,76,92,17,22506,182412,10730.11765,69,76,7,7,NO,31,261579,0,0,0,,,,,,
Zhouyou,BR017-237,BR017-237223,2,2,3,75.89008102,62.1400241,98.55555413,78.94104167,17.99162482,5.213630174,12.86052649,87.84666052,67.68774206,1650,98.92116898,23.03108796,0,6.89008102,0,77,93,17,11520,82414.5,4847.911765,69,78,9,8,NO,33,121454.5,0,0,0,,,,,,
STELLAR_DH,BR017-239,BR017-239121,1,2,1,,,,,,,,,,1433,,,0,,1,,,,,,,64,,,,NO,22,18197.5,0,0,Elongated in vern,,,,,,
STELLAR_DH,BR017-239,BR017-239222,2,2,2,69.4372338,37.88499564,73.34145917,74.60040509,19.70964988,4.842752255,14.04646149,45.73845374,39.13797083,1313,92.58203704,23.14480324,0,5.4372338,1,72,92,21,10235,53418.5,2543.738095,64,74,10,8,NO,35,94558.5,0,0,Elongated in vern,,,,,,
STELLAR_DH,BR017-239,BR017-239223,2,2,3,71.01748843,39.2052088,71.53840695,74.98900463,21.92310732,4.707901359,16.53886213,58.0938255,38.6816212,1465,99.02385417,28.00636574,0,7.01748843,1,74,96,23,16265,115274,5011.913043,64,74,10,10,NO,29,156281.5,0,0,Elongated in vern,,,,,,
WESTAR_DH,BR017-240,BR017-240121,1,2,1,,,,,,,,,,1530,,,0,,1,70,87,17,11195,,,,69,,,YES,NA,NA,0,0,Elongated in vern,,,,,,
WESTAR_DH,BR017-240,BR017-240222,2,2,2,,,,,,,,,,1413,,,0,,1,69,87,18,16286,,,,69,,,NO,NA,NA,0,0,Elongated in vern,,,,,,
WESTAR_DH,BR017-240,BR017-240223,2,2,3,,,,,,,,,,1163,,,0,,1,69,88,19,10893,,,,74,,,YES,NA,NA,0,0,Elongated in vern,,,,,,
MONTY-028DH,BR017-257,BR017-257121,1,2,1,,,,,,,,,,1058,,,0,,1,,94,,3965,,,52,64,12,18,YES,NA,NA,0,0,Flowered in vern,,,,,,
MONTY-028DH,BR017-257,BR017-257222,2,2,2,,,,,,,,,,1155,,,0,,1,,91,,11840,,,52,64,12,17,NO,NA,NA,0,0,Flowered in vern,,,,,,
MONTY-028DH,BR017-257,BR017-257223,2,2,3,,,,,,,,,,1007,,,0,,1,,91,,10245,,,52,64,12,17,NO,NA,NA,0,0,Flowered in vern,,,,,,
N01D-1330,BR017-258,BR017-258121,1,2,1,73.2108912,38.97500917,75.00173615,74.21086806,13.83707179,1.537233981,8.356719293,73.18339393,45.38264201,1067,90.75260417,17.54171296,0,,0,71,90,20,9270,44017,2200.85,,69,,,YES,29,73151,0,0,0,,,,,,
N01D-1330,BR017-258,BR017-258222,2,2,2,72.56091435,39.21688924,75.22119078,74.60984954,15.68966871,2.275650448,9.927775395,68.77154623,44.64746455,1147,92.59144676,20.03053241,0,7.56091435,0,70,89,20,18645,93675,4683.75,65,74,9,5,YES,27,152480,0,0,0,,,,,,
N01D-1330,BR017-258,BR017-258223,2,2,3,72.99972222,44.47435427,78.14290021,73.99789352,15.66970474,2.837900849,10.44198824,72.06030475,49.05674938,1231,96.03155093,23.0318287,0,7.99972222,0,72,88,17,16070,86050,5061.764706,65,74,9,7,YES,25,148835,0,0,0,,,,,,
ERGLU,BR017-263,BR017-263121,1,2,1,71.57934028,39.60832836,62.0007176,74.21719907,18.33452786,4.477081944,12.54685606,50.70266813,42.95896896,1248,97.76273148,26.1833912,0,,1,71,90,20,18793,80121.5,4006.075,,69,,,YES,33,202030,0,0,Elongated in vern,,,,,,
ERGLU,BR017-263,BR017-263222,2,2,2,72.5924537,39.96553711,66.75953334,74.64130787,16.90706666,3.794424888,11.99359787,52.31359319,41.41793026,1193,96.59240741,23.9999537,0,3.5924537,1,73,92,20,18815,117362,5868.1,69,74,5,4,NO,34,175977,0,0,Elongated in vern,,,,,,
ERGLU,BR017-263,BR017-263223,2,2,3,73.00604167,37.83504482,60.11062024,74.00420139,16.53493482,3.022210884,10.75084201,52.94137508,41.95020254,1164,96.0378588,23.03181713,0,8.00604167,1,72,91,20,20760,106997.5,5349.875,65,74,9,7,YES,27,180390,0,0,Elongated in vern,,,,,,
Liho,BR017-271,BR017-271121,1,2,1,,,,,,,,,,1158,,,1,,1,,,,,,,52,62,10,18,NO,41,39579.5,0,0,Flowered in vern,,,,,,
Liho,BR017-271,BR017-271222,2,2,2,,,,,,,,,,1211,,,0,,1,,87,19,10035,52193.5,2747.026316,52,62,10,17,YES,34,119632,0,0,Flowered in vern,,,,,,
Liho,BR017-271,BR017-271223,2,2,3,,,,,,,,,,1267,,,1,,1,,,,,,,52,62,10,18,YES,31,113367.5,0,0,Flowered in vern,,,,,,
Bronowski,BR017-273,BR017-273121,1,2,1,70.5402662,32.13738021,63.86577735,75.58590278,20.37502733,4.074850614,14.26112269,32.88464111,32.2204647,1302,98.23961806,27.69935185,0,6.5402662,1,71,90,20,10570,38094.5,1904.725,64,69,5,7,YES,29,81492.5,0,0,Elongated in vern,,,,,,
Bronowski,BR017-273,BR017-273222,2,2,2,69.79121528,45.15700709,77.11603107,73.69841435,18.00827939,4.545293308,12.64674833,56.76201348,47.83838377,1388,94.69931713,24.90810185,0,5.79121528,1,72,91,20,25596,152322,7616.1,64,74,10,8,YES,29,199032,0,0,Elongated in vern,,,,,,
Bronowski,BR017-273,BR017-273223,2,2,3,73.00288194,34.4215788,65.40654349,74.97953704,19.04328688,3.486736325,13.93156878,54.34881858,34.50795869,1165,99.014375,26.01149306,0,9.00288194,1,74,91,18,18268,80768.5,4487.138889,64,74,10,10,YES,27,118933.5,0,0,Elongated in vern,,,,,,
Ceska_Krajova,BR017-274,BR017-274121,1,2,1,78.32795139,50.71840472,85.36829295,79.28849537,12.57926001,2.361478714,8.977707884,75.37649989,51.85065119,1150,98.27744213,19.94949074,0,9.32795139,0,79,94,16,15895,103070,6441.875,69,78,9,10,YES,22,134606,0,0,0,,,,,,
Ceska_Krajova,BR017-274,BR017-274222,2,2,2,77.58912037,47.75992948,75.54225376,78.62165509,12.38485916,2.493728009,8.88633015,67.9705242,48.75465942,1055,96.58925926,19.00013889,0,8.58912037,0,77,92,16,13155,76840.5,4802.53125,69,76,7,8,YES,22,118626.5,0,0,0,,,,,,
Ceska_Krajova,BR017-274,BR017-274223,2,2,3,77.90420139,55.26079664,85.98185666,79.00908565,11.89269862,2.423059128,7.931074735,81.71488584,61.15186355,1148,96.97903935,19.07483796,0,8.90420139,0,77,91,15,18230,86203.5,5746.9,69,78,9,8,YES,20,135525,0,0,0,,,,,,
Duplo,BR017-275,BR017-275121,1,2,1,73.3553125,34.7623218,52.96689569,86.35542824,15.13995535,3.38871762,11.7316863,23.46020203,30.57957661,1117,92.47075231,19.11543981,0,,0,72,94,23,20692,118565,5155,,69,,,YES,29,163012,0,0,0,,,,,,
Duplo,BR017-275,BR017-275222,2,2,2,73.54003472,49.20860405,73.34145917,74.60355324,15.75943913,4.075808125,11.19585906,60.2334537,51.51458203,1325,94.55466435,21.01462963,0,9.54003472,0,74,91,18,25007,140324,7795.777778,64,74,10,10,YES,27,225403.5,0,0,0,,,,,,
Duplo,BR017-275,BR017-275223,2,2,3,73.9458912,44.78517122,82.05128205,79.95333333,12.94848237,2.317177373,9.237193925,63.65503208,45.22477317,1081,102.3881713,28.44228009,0,4.9458912,0,72,93,22,14840,78682,3576.454545,69,74,5,3,YES,28,100265.5,0,0,0,,,,,,
Topas,BR017-283,BR017-283121,1,2,1,,,,,,,,,,1043,,,0,,0,70,89,19,13184,,,52,69,17,18,YES,NA,NA,0,0,0,,,,,,
Topas,BR017-283,BR017-283222,2,2,2,,,,,,,,,,1126,,,0,,0,69,88,19,14700,,,52,69,17,17,YES,NA,NA,0,0,0,,,,,,
Topas,BR017-283,BR017-283223,2,2,3,,,,,,,,,,1099,,,0,,0,69,88,19,17806,,,52,69,17,17,YES,NA,NA,0,0,0,,,,,,
HUGUENOT,BR017-410,BR017-410121,1,2,1,98.34679398,69.79752648,108.9546022,100.3463773,16.70116491,4.929836084,11.34110828,99.90190174,80.52563979,1683,118.7778935,20.43109954,0,3.34679398,0,104,118,15,5141,63969.5,4264.633333,95,102,7,9,NO,15,63969.5,0,0,0,,,,,,
HUGUENOT,BR017-410,BR017-410222,2,2,2,95.6808912,65.44395345,126.2773893,99.64984954,17.91609367,4.33002347,11.19592862,115.1263968,82.15039873,1685,118.0770949,22.3962037,0,0.6808912,0,98,118,21,5239,76055,3621.666667,95,97,2,3,NO,21,76055,0,0,0,,,,,,
HUGUENOT,BR017-410,BR017-410223,2,2,3,92.0503125,72.06763922,129.8621471,95.98231481,14.68204053,5.020146406,10.02389024,87.34805014,82.37819655,1549,109.7790625,17.72875,0,2.0503125,0,94,106,13,4697,29855,2296.538462,90,97,7,4,NO,26,59778,0,0,0,,,,,,
Wilhelmsburger,BR017-448,BR017-448121,1,2,1,,,,,,,,,,,,,0,,0,,,,,,,,,,,NO,,,0,*,0,,,,,,
Wilhelmsburger,BR017-448,BR017-448222,2,2,2,77.83608796,52.48704144,88.8252671,78.72547454,18.58172938,5.059568798,12.38961791,75.99461838,60.83722723,1477,102.1341782,24.29809028,0,8.83608796,0,81,98,18,9376,78831.5,4379.527778,69,81,12,12,NO,26,132918.5,0,0,0,,,,,,
Wilhelmsburger,BR017-448,BR017-448223,2,2,3,78.91612269,53.89379418,87.98001218,81.98679398,16.50839421,3.953081416,11.10975497,82.08786155,61.00494581,1413,102.3254861,23.40936343,0,9.91612269,0,81,96,16,8685,73409.5,4588.09375,69,81,12,12,NO,26,109302,0,0,0,,,,,,
Cabernet,BR017-509,BR017-509121,1,2,1,101.2074421,,,,,,,,,,,,1,2.2074421,0,,,,,,,99,106,7,,NO,20,27158,0,0,0,,,,,,
Cabernet,BR017-509,BR017-509222,2,2,2,99.56413194,47.91024834,97.52788005,102.5225347,21.40043176,5.146336806,14.45905595,85.20623826,55.69174105,1467,126.414919,26.85078704,0,2.56413194,0,105,126,22,2405,22433,1019.681818,97,106,9,8,NO,22,22433,0,0,0,,,,,,
Cabernet,BR017-509,BR017-509223,2,2,3,100.8700579,54.69984228,113.2824079,105.7612616,19.20846489,4.869134964,12.93250221,91.49469122,63.69610356,1513,126.41375,25.54369213,0,-1.1299421,0,105,126,22,2589,29048,1320.363636,102,106,4,3,NO,22,29048,0,0,0,,,,,,
Cabriolet,BR017-510,BR017-510121,1,2,1,86.2643287,69.21502849,155.6315359,90.6628125,17.32860661,5.039017796,11.18772298,106.5683873,85.00389235,1656,110.2641551,23.99982639,0,-1.7356713,0,94,106,13,11349,104062.5,8004.807692,88,92,4,6,NO,17,148024.5,0,0,0,,,,,,
Cabriolet,BR017-510,BR017-510222,2,2,2,86.58296296,,,,,,,,,,,,1,3.58296296,0,91,,,,,,83,97,14,8,NO,16,44840.5,0,0,0,,,,,,
Cabriolet,BR017-510,BR017-510223,2,2,3,85.99972222,79.88562207,145.200632,88.94626157,12.56296157,3.471572824,8.29145693,122.7109502,94.91697377,1444,102.4590394,16.45931713,0,2.99972222,0,91,102,12,6010,44165.5,3680.458333,83,92,9,8,NO,12,44165.5,0,0,0,,,,,,
Castille,BR017-511,BR017-511121,1,2,1,76.33905093,40.60923903,90.57149398,79.32005787,28.00594217,5.964880642,14.18181594,80.21954314,62.77404838,1647,109.9132292,33.57417824,0,7.33905093,0,80,95,16,9606,82354.5,5147.15625,69,81,12,11,NO,31,147332.5,0,0,0,,,,,,
Castille,BR017-511,BR017-511222,2,2,2,77.70689815,52.84844947,100.5378834,79.64376157,22.78212534,6.431962081,14.53890018,77.11488248,64.55096248,1770,105.5160648,27.80916667,0,8.70689815,0,79,94,16,15521,114104.5,7131.53125,69,81,12,10,NO,28,190448.5,0,0,0,,,,,,
Castille,BR017-511,BR017-511223,2,2,3,76.99648148,54.62731461,96.33205367,77.90998843,19.66781651,5.440190972,12.72361838,80.87951365,65.74387688,1586,102.4526968,25.45621528,0,7.99648148,0,78,93,16,14826,112227.5,7014.21875,69,78,9,9,NO,25,151223.5,0,0,0,,,,,,
Catana,BR017-512,BR017-512121,1,2,1,80.23679398,75.23017449,106.0098157,84.23605324,13.62086433,4.414516579,9.258794892,95.02739259,86.16132114,1513,101.2358218,20.99902778,0,2.23679398,0,84,95,12,12965,74737.5,6228.125,78,83,5,6,YES,20,106195.5,0,0,0,,,,,,
Catana,BR017-512,BR017-512222,2,2,2,78.61850694,69.33915192,101.5746348,79.59315972,13.91854347,3.967740934,9.442204106,95.14230045,78.87459237,1469,102.544537,23.92603009,0,2.61850694,0,80,94,15,16530,108427.5,7228.5,76,81,5,4,YES,20,138347.5,0,0,0,,,,,,
Catana,BR017-512,BR017-512223,2,2,3,80.01512731,67.97494531,133.1637961,81.90902778,15.78375672,3.660340635,9.713728623,119.2511964,85.88360169,1591,102.4779861,22.4628588,0,4.01512731,0,82,93,12,23275,99845,8320.416667,76,83,7,6,NO,21,155137.5,0,0,0,,,,,,
Chuanyou_2,BR017-513,BR017-513121,1,2,1,72.26892361,57.35572467,105.1521298,76.32009259,17.60242776,4.48157536,12.92972994,84.79161221,59.8233686,1574,99.28971065,27.02078704,0,,0,75,90,16,9745,32515,2032.1875,,74,,,NO,36,118703.5,0,0,0,,,,,,
Chuanyou_2,BR017-513,BR017-513222,2,2,2,73.55261574,66.02991476,125.0565906,74.61613426,17.51630309,4.811774936,12.07876107,101.2100538,74.96629784,1674,96.56726852,23.01465278,0,4.55261574,0,76,91,16,23509,135354.5,8459.65625,69,76,7,7,NO,31,235978,0,0,0,,,,,,
Chuanyou_2,BR017-513,BR017-513223,2,2,3,72.91925926,47.13607363,164.4821857,72.91925926,18.19625467,7.001203757,14.33867832,41.2071995,44.93091941,1423,109.7475694,36.82831019,0,5.91925926,0,80,93,14,33052,129129.5,9223.535714,67,76,9,13,NO,30,246699.5,0,0,0,,,,,,
Dimension,BR017-514,BR017-514121,1,2,1,,,,,,,,,,,,,0,,0,97,99,3,852,1492,497.3333333,92,97,5,5,YES,10,10077,0,0,0,,,,,,
Dimension,BR017-514,BR017-514222,2,2,2,88.75966435,85.47496629,155.5901624,91.70207176,11.52618179,3.485903784,7.636173411,116.4690781,100.5739339,1448,106.706794,17.94712963,0,0.75966435,0,92,98,7,2398,10709.5,1529.928571,88,92,4,4,NO,15,19617,0,0,0,,,,,,
Dimension,BR017-514,BR017-514223,2,2,3,88.40020833,,,,,,,,,,,,1,0.40020833,0,93,,,,,,88,95,7,5,YES,14,4470,0,0,0,,,,,,
Excalibur,BR017-515,BR017-515121,1,2,1,84.22657407,61.63945473,161.9850014,87.22662037,19.55565644,4.351656941,11.65964002,122.0224864,81.69205897,1686,110.2263773,25.99980324,0,3.22657407,0,87,109,23,15107,168992,7347.478261,81,88,7,6,NO,24,181891,0,0,0,,,,,,
Excalibur,BR017-515,BR017-515222,2,2,2,86.59555556,59.76781855,127.1777187,88.69633102,13.77999097,2.750081662,7.687031088,115.6329299,82.47657552,1264,106.6432523,20.04769676,0,3.59555556,0,89,99,11,10165,58417.5,5310.681818,83,90,7,6,NO,18,98886.5,0,0,0,,,,,,
Excalibur,BR017-515,BR017-515223,2,2,3,80.98582176,53.69082885,128.4314547,82.99265046,19.05725842,4.029748148,10.87746628,99.26178642,72.58124089,1558,109.8153356,28.82951389,0,4.98582176,0,82,94,13,15310,76272.5,5867.115385,76,83,7,6,YES,28,209989.5,0,0,0,,,,,,
Flash,BR017-516,BR017-516121,1,2,1,78.53377315,46.17420479,72.02500868,87.35190972,22.46275826,7.271273329,13.80382592,54.73594266,57.77383784,1598,106.5363889,28.00261574,0,9.53377315,0,82,97,16,13945,70583.5,4411.46875,69,81,12,13,NO,29,160890.5,0,0,0,,,,,,
Flash,BR017-516,BR017-516222,2,2,2,86.69670139,,,,,,,,,,,,1,1.69670139,0,91,,,,,,85,90,5,6,NO,16,53687.5,0,0,0,,,,,,
Flash,BR017-516,BR017-516223,2,2,3,84.88753472,,,,,,,,,,,,1,1.88753472,0,87,,,,,,83,88,5,4,NO,20,54331,0,0,0,,,,,,
Huron_x_Navajo,BR017-517,BR017-517121,1,2,1,89.24346065,59.98771331,109.9974538,95.23322917,17.12183951,6.342504403,12.34885359,68.03306274,65.08701348,1489,110.2326736,20.98921296,0,-0.75653935,0,94,109,16,4606,39343.5,2458.96875,90,95,5,4,NO,17,43183.5,0,0,0,,,,,,
Huron_x_Navajo,BR017-517,BR017-517222,2,2,2,92.58831019,70.42144828,,95.58887731,16.15984942,3.894011544,10.46529971,128.9158993,85.95071571,1590,117.9559144,25.36760417,0,2.58831019,0,94,106,13,3293,28990.5,2230.038462,90,95,5,4,NO,24,64463.5,0,0,0,,,,,,
Huron_x_Navajo,BR017-517,BR017-517223,2,2,3,88.40965278,54.51773539,106.8988739,93.51572917,18.49673309,6.483369696,12.57064352,66.94049859,63.08348485,1436,118.9275694,30.51791667,0,-1.59034722,0,93,106,14,2880,30030.5,2145.035714,90,92,2,3,NO,26,57106,0,0,0,,,,,,
Inca_x_Contact,BR017-518,BR017-518121,1,2,1,89.31554398,72.19963816,117.1608243,94.30493056,16.14135513,4.434593618,10.48976852,111.6224039,87.13252331,1676,110.3045949,20.98905093,0,-0.68445602,0,94,109,16,7647,88865,5554.0625,90,92,2,4,NO,17,95974,0,0,0,,,,,,
Inca_x_Contact,BR017-518,BR017-518222,2,2,2,87.62388889,84.64108562,151.185811,91.66762731,13.84906622,4.151218601,9.404143245,118.7603081,97.56337989,1698,105.5034375,17.87954861,0,-0.37611111,0,91,105,15,12829,132861.5,8857.433333,88,92,4,3,NO,16,144315.5,0,0,0,,,,,,
Inca_x_Contact,BR017-518,BR017-518223,2,2,3,87.0155787,71.42488775,140.0281125,91.98517361,18.40254905,6.648049729,12.69449167,90.25203247,82.4373301,1786,109.8436574,22.8280787,0,-0.9844213,0,91,109,19,7779,86714,4563.894737,88,92,4,3,NO,27,143681,0,0,0,,,,,,
Ningyou_7,BR017-520,BR017-520121,1,2,1,78.34688657,,,,,,,,,,,,1,9.34688657,0,81,,,,,,69,81,12,12,,,,90,0,0,,,,,,
Ningyou_7,BR017-520,BR017-520222,2,2,2,72.64324074,,,,,,,,,,,,1,3.64324074,0,74,,,,,,69,74,5,5,NO,33,273596.5,0,0,0,,,,,,
Ningyou_7,BR017-520,BR017-520223,2,2,3,76.93489583,50.95997952,146.6684077,79.928125,18.29671065,4.737060185,11.36867649,76.41870397,63.19996882,1426,106.9704282,30.03553241,0,7.93489583,0,79,93,15,21691,148047.5,9869.833333,69,81,12,10,NO,31,250413.5,0,0,0,,,,,,
Palmedor,BR017-521,BR017-521121,1,2,1,84.27289352,65.43281506,140.0129642,87.27321759,16.76070331,4.406605248,10.70133681,102.4598244,79.8731986,1613,109.8786806,25.60578704,0,3.27289352,0,87,100,14,9664,68763.5,4911.678571,81,88,7,6,NO,24,121220.5,0,0,0,,,,,,
Palmedor,BR017-521,BR017-521222,2,2,2,85.58703704,71.75032643,136.0031482,87.57664352,16.44591821,4.506956751,10.68929803,110.0520878,86.39482192,1710,106.624375,21.03733796,0,4.58703704,0,88,100,13,10128,80262,6174,81,88,7,7,NO,19,131862.5,0,0,0,,,,,,
Palmedor,BR017-521,BR017-521223,2,2,3,83.93425926,67.18164083,109.0855077,85.94439815,13.88921123,3.700657323,9.04458044,93.36179221,78.80409763,1469,102.3755556,18.4412963,0,5.93425926,0,85,96,12,10609,61740,5145,78,88,10,7,NO,25,150566.5,0,0,0,,,,,,
POH_285_Bolko,BR017-522,BR017-522121,1,2,1,101.2295139,56.74658811,68.06064208,109.4895486,21.94140725,10.37532252,17.48254066,49.10690719,55.44102649,1839,126.7018403,25.47232639,0,-2.7704861,0,109,125,17,5854,59614.5,3506.735294,104,109,5,5,NO,18,64866.5,0,0,0,,,,,,
POH_285_Bolko,BR017-522,BR017-522222,2,2,2,98.67252315,84.23973386,104.0525688,99.66240741,6.716545436,1.456486111,4.57176571,99.55467402,89.24341839,1052,106.7099306,8.037407407,0,3.67252315,0,99,105,7,1485,5585.5,797.9285714,95,99,4,4,NO,8,6910.5,0,0,0,,,,,,
POH_285_Bolko,BR017-522,BR017-522223,2,2,3,100.9328588,72.12316505,92.07828053,109.760162,14.9882496,6.231685701,11.37865985,66.91608339,73.11933134,1660,118.92125,17.9883912,0,1.9328588,0,106,118,13,3412,36309.5,2793.038462,99,106,7,7,NO,13,36309.5,0,0,0,,,,,,
Quinta,BR017-523,BR017-523121,1,2,1,98.29320602,78.31667191,101.551135,103.6898264,9.687592456,3.648732471,7.02997772,60.70601277,79.26767654,1343,110.2920023,11.9987963,0,-0.70679398,1,103,110,8,2950,17927,2240.875,99,102,3,4,NO,8,17927,0,0,Elongated in vern,,,,,,
Quinta,BR017-523,BR017-523222,2,2,2,94.63039352,66.66693799,135.7888374,98.64112269,18.93592293,5.240005216,12.19814067,103.8166905,81.40584921,1796,118.0581713,23.42777778,0,2.63039352,1,98,118,21,4370,58858,2802.761905,92,99,7,6,NO,21,58858,0,0,Elongated in vern,,,,,,
Quinta,BR017-523,BR017-523223,2,2,3,91.9237037,75.83819672,131.0858112,96.88207176,12.48447406,4.721881744,8.578788426,75.81723123,84.62733477,1472,106.9296065,15.00590278,0,-3.0762963,1,96,100,5,1660,4604,920.8,95,97,2,1,NO,11,13164,0,0,Elongated in vern,,,,,,
Rocket,BR017-524,BR017-524121,1,2,1,94.28278935,64.76260647,175.6990341,98.28375,19.8864757,6.085198785,13.74172732,93.25907338,74.06274161,1801,118.7212616,24.43847222,0,-0.71721065,0,97,106,10,5271,35328,3532.8,95,97,2,2,NO,22,96076,0,0,0,,,,,,
Rocket,BR017-524,BR017-524222,2,2,2,92.69520833,65.34147392,125.9475219,96.66520833,20.37144129,6.88526747,13.48352145,86.48901479,78.26219611,1839,117.9128704,25.21766204,0,0.69520833,0,95,105,11,3675,27967.5,2542.5,92,95,3,3,NO,23,61363.5,0,0,0,,,,,,
Rocket,BR017-524,BR017-524223,2,2,3,93.49371528,69.18209187,116.6159028,96.91672454,19.29834678,6.163949515,13.84659403,97.25907043,76.4989569,1839,117.9767361,24.48302083,0,1.49371528,0,95,106,12,5021,44159,3679.916667,92,92,0,3,NO,24,87812,0,0,0,,,,,,
Shengliyoucai,BR017-526,BR017-526121,1,2,1,,,,,,,,,,1099,,,0,,1,70,92,22,13149,,,64,69,5,6,YES,NA,NA,0,0,Elongated in vern,,,,,,
Shengliyoucai,BR017-526,BR017-526222,2,2,2,,,,,,,,,,979,,,0,,1,69,85,16,15090,,,64,74,10,5,YES,NA,NA,0,0,Elongated in vern,,,,,,
Shengliyoucai,BR017-526,BR017-526223,2,2,3,,,,,,,,,,945,,,0,,1,74,88,14,9045,,,64,69,5,10,YES,NA,NA,0,0,Elongated in vern,,,,,,
Temple,BR017-527,BR017-527121,1,2,1,87.26689815,48.41258851,116.7255988,90.66545139,21.9405744,5.877374578,13.17193053,78.09609442,63.46829707,1508,118.7005556,31.43365741,0,-0.73310185,0,94,106,13,7509,70491.5,5422.423077,88,92,4,6,NO,25,133936.5,0,0,0,,,,,,
Temple,BR017-527,BR017-527222,2,2,2,92.65185185,36.52388636,105.64954,95.6531713,29.02757909,5.83464741,18.26773539,78.3252128,45.65426323,1508,126.4553472,33.80349537,0,2.65185185,0,95,126,32,5397,76319.5,2384.984375,90,97,7,5,NO,32,76319.5,0,0,0,,,,,,
Temple,BR017-527,BR017-527223,2,2,3,86.9808912,48.86752089,107.8398992,91.95052083,23.66193289,5.308119055,13.36418804,98.24572407,68.70974856,1587,119.6777083,32.69681713,0,-1.0191088,0,91,109,19,7651,110635.5,5822.921053,88,90,2,3,NO,29,175578.5,0,0,0,,,,,,
Vision,BR017-528,BR017-528121,1,2,1,99.21440972,42.1512704,73.03296627,101.21375,22.81070039,5.455467303,16.76564102,63.69756809,43.61598814,1535,126.6890509,27.4746412,0,4.21440972,0,109,118,10,1160,6727,672.7,95,106,11,14,NO,18,14057.5,0,0,0,,,,,,
Vision,BR017-528,BR017-528222,2,2,2,92.60084491,,,,,,,,,,,,1,2.60084491,0,98,,,,,,90,102,12,8,NO,29,66093,0,0,0,,,,,,
Vision,BR017-528,BR017-528223,2,2,3,,,,,,,,,,,,,0,,0,,,,,,,,,,,,,,0,"Main stem aborted, all data for branches",0,,,,,,
Xiangyou_15,BR017-529,BR017-529121,1,2,1,74.33585648,59.79005385,103.2169347,75.68253472,14.67802659,3.917942947,10.57148148,86.78023254,63.9456259,1344,97.88208333,23.54622685,0,5.33585648,1,77,89,13,13045,61022,4694,69,76,7,8,NO,34,161712.5,0,0,Elongated in vern,,,,,,
Xiangyou_15,BR017-529,BR017-529222,2,2,2,74.59775463,66.17233023,107.5195221,76.56137731,14.6042915,4.264097047,10.82105676,93.8064954,69.67896172,1416,96.54887731,21.95112269,0,0.59775463,1,77,91,15,18580,125009.5,8333.966667,74,76,2,3,NO,30,208515,0,0,Elongated in vern,,,,,,
Xiangyou_15,BR017-529,BR017-529223,2,2,3,73.93959491,56.18834589,111.6472258,75.92112269,15.38397307,3.604930556,11.1860689,91.54129183,59.35954856,1336,98.95222222,25.01262731,0,4.93959491,1,80,91,12,19331,105346,8778.833333,69,76,7,11,YES,19,181673.5,0,0,Elongated in vern,,,,,,
Zhongshuang_II,BR017-530,BR017-530121,1,2,1,74.34219907,58.52729382,87.62451547,75.68885417,14.38474163,3.879598697,10.13386514,78.74525792,63.22858963,1341,104.6753588,30.33315972,0,5.34219907,1,77,89,13,16939,97949,7534.538462,69,76,7,8,YES,21,154014.5,0,0,Elongated in vern,,,,,,
Zhongshuang_II,BR017-530,BR017-530222,2,2,2,73.65128472,59.98320002,88.55776225,74.70144676,14.56574507,4.300043355,10.68245073,82.90614083,63.63240208,1293,96.65265046,23.00136574,0,4.65128472,1,76,88,13,15423,72171,5551.615385,69,76,7,7,YES,23,128107.5,0,0,Elongated in vern,,,,,,
Zhongshuang_II,BR017-530,BR017-530223,2,2,3,74.90222222,60.11186405,122.0527309,79.93127315,13.02072415,4.287568131,9.156967593,64.72200359,64.78673142,1263,94.92516204,20.02293981,0,5.90222222,1,78,88,11,13050,55915.5,5083.227273,69,76,7,9,YES,19,112098,0,0,Elongated in vern,,,,,,
Darmor_ET,BR017-531,BR017-531121,1,2,1,89.2965625,58.7164693,159.012883,95.28587963,23.26434161,8.301730255,16.01413093,77.81510362,68.43955532,1800,118.7283218,29.43175926,0,-2.7034375,0,97,103,7,6296,32370,4624.285714,92,97,5,5,NO,22,106596,0,0,0,,,,,,
Darmor_ET,BR017-531,BR017-531222,2,2,2,89.65511574,70.18269328,168.2077264,92.68582176,17.3661047,4.985471644,11.52297613,110.3205553,84.00607527,1672,118.0834028,28.42828704,0,-0.34488426,0,94,100,7,6038,32600.5,4657.214286,90,95,5,4,NO,25,117529,0,0,0,,,,,,
Darmor_ET,BR017-531,BR017-531223,2,2,3,92.89541667,62.43976933,139.3465145,96.86638889,18.53626323,4.80532046,11.45919996,107.1728731,79.97940548,1606,117.9448611,25.04944444,0,0.89541667,0,96,99,4,3275,7922,1980.5,92,97,5,4,NO,22,60606.5,0,0,0,,,,,,
Express,BR017-532,BR017-532121,1,2,1,87.36137731,80.44281548,147.005718,90.61709491,16.44273627,5.589803425,11.35733025,111.9001783,93.44185446,1743,118.7936458,31.43226852,0,-0.63862269,0,90,110,21,6990,74377.5,3541.785714,88,90,2,2,NO,29,121502.5,0,0,0,,,,,,
Express,BR017-532,BR017-532222,2,2,2,86.57981481,,,,,,,,,,,,1,3.57981481,0,88,,,,,,83,90,7,5,NO,19,72739.5,0,0,0,,,,,,
Express,BR017-532,BR017-532223,2,2,3,86.00287037,91.84796495,148.7795208,88.94940972,12.25830099,4.160382909,8.565480324,120.5417893,104.1097482,1561,102.4622106,16.45934028,0,3.00287037,0,88,102,15,5784,44491,2966.066667,83,88,5,5,NO,15,44491,0,0,0,,,,,,
