genotype_name,genotype_id,treatment,location,rep,R01_days_diff_raceme_start,R02_diff_in_mean_rate,R03_max_rate,R04_days_diff_to_max_rate,R05_days_diff_main_ext_period,R06_50ht_period,R07_75ht_period,R08_50ht_rate,R09_75ht_rate,R10_max_height,R11_max_height_DAS,R12_extension_days_to_max,R13_raceme_collapse,R14_BBCH51_to_raceme_start,R15_elong_in_vern,F01_first_flowers_DAS,F02_peak_flowers_DAS,F03_flowering_days_to_peak,F06_pixel.day_peak,F07_pixel.days_to_peak,F09_mean_pixel.days_to_peak,Ground_BBCH51,Ground_BBCH60,Ground_60-51,Auto60-ground51,,,,,,,,,,,,,,
Capitol,BR017-028,tenminusfive,1,1,2.00159723,-26.14886423,-21.822059,7.00165509,4.92099095,2.272575545,3.56272102,-47.55848988,-31.28817396,18,7.4190394,5.41744213,0,-2.99840277,0,4,0,-4,-62,-61444,-2849.020833,5,5,0,-1,,,,,,,,,,,,,,
Capitol,BR017-028,tenminusfive,1,2,2.00179398,-15.36941841,-15.0935387,4.1165625,,,,,,,,,-1,-2.99820602,0,3,13,10,418,84747,1241.895833,5,5,0,-2,,,,,,,,,,,,,,
Capitol,BR017-028,tenminusfive,2,3,2.98535879,-6.91123938,-25.2822907,3.00075232,2.38598582,0.879000984,2.098231651,-23.4723361,-17.2022082,208,0.0015625,-2.98379629,0,-2.01464121,0,3,3,0,48,6677,476.928572,5,2,-3,-2,,,,,,,,,,,,,,
Apex,BR017-040,tenminusfive,1,1,2.01189815,-20.45123114,-8.6331791,4.31740741,4.79828292,1.586884482,4.05354446,-31.19843788,-27.02373959,-153,1.0559607,-0.9559375,0,0.01189815,0,7,0,-7,-661,-32222,276.8,2,5,3,5,,,,,,,,,,,,,,
Apex,BR017-040,tenminusfive,1,2,7.00167825,-12.39942555,26.5709426,4.93019676,0.65552296,-1.246330249,0.82114219,-10.56585462,-19.33706963,-79,-0.0031481,-7.00482639,0,2.00167825,0,4,19,15,-2075,83173,741.190217,5,5,0,-1,,,,,,,,,,,,,,
Apex,BR017-040,tenminusfive,2,3,3.09224537,-10.54820768,-26.720483,3.9308912,-0.13709742,0.449964875,0.74424599,-29.26695544,-19.1150734,-165,11.2288773,8.13663194,0,0.09224537,0,3,0,-3,-5264,-49001,-3107.277777,3,2,-1,0,,,,,,,,,,,,,,
Expert,BR017-055,tenminusfive,1,1,1.00177083,-3.48951415,-60.1209443,1.67585648,-0.52318885,0.820914184,-0.53288919,-35.08270571,-3.05312108,-106,0.0015741,-1.00019676,-1,-0.99822917,0,0,8,8,-3238,25351,-1768.457875,2,2,0,-2,,,,,,,,,,,,,,
Expert,BR017-055,tenminusfive,1,2,-0.00157408,-11.48184576,-8.4550422,-0.00157408,2.550625,0.759235614,1.758699054,-23.1313832,-15.57449934,-21,3.8138078,3.81538194,0,-3.00157408,0,0,-4,-4,-840,-46523,-1953.766667,3,-2,-5,-3,,,,,,,,,,,,,,
Expert,BR017-055,tenminusfive,2,3,1.01697917,-6.20376584,59.3019056,1.10295139,-0.85008789,-0.934767217,-0.76363635,-1.1324126,-7.31446236,-117,0.0015741,-1.01540509,0,1.01697917,0,-1,5,6,-1873,27335,-1144.177778,0,0,0,-1,,,,,,,,,,,,,,
APEX-93_5_X_GINYOU_3_DH_LINE,BR017-090,tenminusfive,1,1,-6.94645833,-24.02647919,-45.20070877,-9.00825232,3.31474757,0.169310407,2.715988372,-31.19383766,-34.95080487,-89,-6.6008102,0.34564815,0,0.05354167,0,-10,-16,-6,12498,46976.5,5747.96875,-7,-9,-2,-3,,,,,,,,,,,,,,
APEX-93_5_X_GINYOU_3_DH_LINE,BR017-090,tenminusfive,1,2,-4.74460648,-21.88059052,-26.10410603,-7.01828703,3.3361389,0.386313976,2.428252087,-27.68280407,-27.18655897,-13,0.0015741,4.74618055,0,2.25539352,0,-6,0,6,-4514,52172.5,-2064.55625,-7,-7,0,1,,,,,,,,,,,,,,
APEX-93_5_X_GINYOU_3_DH_LINE,BR017-090,tenminusfive,2,3,-8.04384259,,,,,,,,,,,,,-1.04384259,,,,,,,,-7,,,,,,,,,,,,,,,,,
CANBERRA_x_COURAGE_DH_LINE,BR017-093,tenminusfive,1,1,1.00177083,,,,,,,,,,,,-1,-1.99822917,0,0,,,,,,3,2,,-3,,,,,,,,,,,,,,
CANBERRA_x_COURAGE_DH_LINE,BR017-093,tenminusfive,1,2,1.00127315,,,,,,,,,,,,-1,-1.99872685,0,,,,,,,3,0,-3,,,,,,,,,,,,,,,
CANBERRA_x_COURAGE_DH_LINE,BR017-093,tenminusfive,2,3,0.99202546,-13.43870607,-7.9422029,1.23256945,2.35845987,0.503398567,1.518032508,-21.4739928,-16.26443669,73,1.1577894,0.16576388,0,-2.00797454,0,0,-12,-12,-2076,-73964,-1598.777778,3,0,-3,-3,,,,,,,,,,,,,,
HANSEN_X_GASPARD_DH_LINE,BR017-096,tenminusfive,1,1,3.01206018,-4.48593603,-5.9208561,3.31712963,-0.40188795,-1.383432558,-0.55750591,13.37705398,-3.69230386,-103,0.7421296,-2.26993056,0,0.01206018,0,0,10,10,-348,49601.5,-1708.552083,3,0,-3,-3,,,,,,,,,,,,,,
HANSEN_X_GASPARD_DH_LINE,BR017-096,tenminusfive,1,2,1.00119213,-9.64163999,-21.8662189,4.99090278,0.51760843,1.221771783,1.03160335,-33.9849535,-16.41196836,-138,0.0015741,-0.99961806,0,-0.99880787,0,4,11,7,568,43575,-22.729412,2,2,0,2,,,,,,,,,,,,,,
HANSEN_X_GASPARD_DH_LINE,BR017-096,tenminusfive,2,3,1.9862963,-10.43466177,-12.9814628,2.00145834,0.33804123,0.03798439,0.22416794,-16.0139314,-12.04388777,-139,1.1578009,-0.82849537,0,-1.0137037,0,3,0,-3,-428,-24283.5,-426.773077,3,0,-3,0,,,,,,,,,,,,,,
MADRIGAL_x_RECITAL_DH_LINE,BR017-097,tenminusfive,1,1,1.00199074,-11.58176217,-17.712996,2.011875,1.41735627,0.29763592,0.807103766,-14.7112827,-11.66522678,0,6.678206,5.67621528,0,1.00199074,0,1,12,11,-3042,87190,-558.813889,0,0,0,1,,,,,,,,,,,,,,
MADRIGAL_x_RECITAL_DH_LINE,BR017-097,tenminusfive,1,2,2.00229167,-18.36003481,4.2781635,3.01177084,2.85973795,-0.1972264,0.849708848,4.5701606,-10.24447104,-34,4.9246296,2.92233797,0,0.00229167,0,0,0,0,-5426,-31960,-4565.714284,2,2,0,-2,,,,,,,,,,,,,,
MADRIGAL_x_RECITAL_DH_LINE,BR017-097,tenminusfive,2,3,0.99578704,-14.31032968,-5.4900779,0.99238426,1.35315331,-0.160631474,0.48021733,-9.156863,-12.23391223,-32,4.8927777,3.89699074,0,0.99578704,0,0,0,0,77,-9606,-1200.75,0,0,0,0,,,,,,,,,,,,,,
RAFAL_DH1,BR017-098,tenminusfive,1,1,0.00158565,-2.97700815,-20.9018029,0.00157407,1.12192965,0.877629444,1.59993938,-9.35766581,-9.43290558,0,0.0015857,0,0,0.00158565,0,0,0,0,-7321,-29156.5,-4165.214283,0,0,0,0,,,,,,,,,,,,,,
RAFAL_DH1,BR017-098,tenminusfive,1,2,0.00157407,-11.88799115,-44.0367515,2.88679398,4.93447894,3.170304365,4.231236363,-30.98282869,-16.9582202,164,0.0015741,0,0,0.00157407,0,3,1,-2,-2468,-22287,-816.587301,0,3,3,3,,,,,,,,,,,,,,
RAFAL_DH1,BR017-098,tenminusfive,2,3,0.00032408,-9.42453309,4.8583543,0.00032408,-0.15728046,-0.343813756,-0.61110813,-6.5731631,-5.4807348,-172,1.156007,1.15568287,0,0.00032408,0,0,-1,-1,-2913,-18953,-855.47917,0,0,0,0,,,,,,,,,,,,,,
EUROL,BR017-101,tenminusfive,1,1,3.68623842,-8.08391884,26.5510326,4.31707176,1.08115324,0.347428665,2.9007386,-13.29756598,-22.16410389,0,8.4014814,4.71524306,0,-0.31376158,0,3,0,-3,-2277,-53679,-2890.586538,4,5,1,-1,,,,,,,,,,,,,,
EUROL,BR017-101,tenminusfive,1,2,1.91113426,-9.30548543,45.4893435,2.97443287,2.83662785,0.417206603,2.00278088,-2.34331428,-9.82623175,0,-0.0130209,-1.92415509,0,1.91113426,0,1,9,8,-1658,18020.5,-969.452381,0,2,2,1,,,,,,,,,,,,,,
EUROL,BR017-101,tenminusfive,2,3,,,,,,,,,,,,,,,,,,,,,,,,,,,,,,,,,,,,,,,
Lesira,BR017-102,tenminusfive,1,1,0.00157407,,,,,,,,,,,,0,0.00157407,0,0,,,,,,0,0,0,0,,,,,,,,,,,,,,
Lesira,BR017-102,tenminusfive,1,2,0.00158565,12.64572115,-11.9350754,0.00157407,-4.3869037,-0.076085005,-5.06804177,9.9090435,26.80946792,78,0.0015741,-1.157E-05,0,-4.99841435,0,2,0,-2,4904,24556.5,1734.08396,5,0,-5,-3,,,,,,,,,,,,,,
Lesira,BR017-102,tenminusfive,2,3,1.01697916,,,,,,,,,,,,0,1.01697916,0,1,,,,,,0,0,0,1,,,,,,,,,,,,,,
LICROWN_X_EXPRESS_DH_LINE,BR017-105,tenminusfive,1,1,1.00162037,,,,,,,,,,,,1,-3.99837963,0,3,,,,,,5,2,-3,-2,,,,,,,,,,,,,,
LICROWN_X_EXPRESS_DH_LINE,BR017-105,tenminusfive,1,2,0.00032408,,,,,,,,,,,,-1,-4.99967592,0,0,,,,,,5,2,-3,-5,,,,,,,,,,,,,,
LICROWN_X_EXPRESS_DH_LINE,BR017-105,tenminusfive,2,3,0.99186343,,,,,,,,,,,,-1,-1.00813657,0,0,,,,,,2,0,-2,-2,,,,,,,,,,,,,,
SHANNON_x_WINNER_DH_LINE,BR017-106,tenminusfive,1,1,1.00159723,,,,,,,,,,,,-1,1.00159723,0,-3,,,,,,0,0,0,-3,,,,,,,,,,,,,,
SHANNON_x_WINNER_DH_LINE,BR017-106,tenminusfive,1,2,1.00164352,,,,,,,,,,,,-1,-0.99835648,0,-2,,,,,,2,-2,-4,-4,,,,,,,,,,,,,,
SHANNON_x_WINNER_DH_LINE,BR017-106,tenminusfive,2,3,0.99636574,,,,,,,,,,,,-1,2.99636574,0,,,,,,,-2,,,,,,,,,,,,,,,,,
Janetzkis_Schlesischer,BR017-107,tenminusfive,1,1,12.00164352,1.14332715,-30.045745,9.59636577,-5.82705342,-1.361136527,-2.34942189,-15.89515335,-9.22897009,-298,1.0512384,-10.95040509,0,2.00164352,0,8,21,13,-2980,15837.5,-1823.713235,10,10,0,-2,,,,,,,,,,,,,,
Janetzkis_Schlesischer,BR017-107,tenminusfive,1,2,11.54686342,-0.93364514,-4.1257276,6.91538194,-4.91916388,-1.731498531,-2.91346923,-15.55302274,-6.53415018,-187,1.1259491,-10.42091435,0,4.54686342,0,8,8,0,-5397,-68086,-3583.473684,7,7,0,1,,,,,,,,,,,,,,
Janetzkis_Schlesischer,BR017-107,tenminusfive,2,3,9.03297453,-10.7569721,-19.9863883,9.0131713,-0.60445797,0.456365482,-0.03653013,-30.40481154,-14.91414771,-304,0.9370255,-8.09594908,0,2.03297453,0,8,0,-8,-5710,-118270,-3688.214286,7,7,0,1,,,,,,,,,,,,,,
LEMBKES_MALCHOWER_LENORA,BR017-108,tenminusfive,1,1,27.30939813,-24.3159938,-59.51279889,25.4133218,-0.65644997,-0.42954847,-0.88066856,-33.58314032,-25.0252782,-496,26.8573611,-0.45203703,0,6.30939813,0,21,28,7,-4728,-11803.5,-2734.961539,21,25,4,0,,,,,,,,,,,,,,
LEMBKES_MALCHOWER_LENORA,BR017-108,tenminusfive,1,2,8.17996523,-11.7269119,-72.84962547,22.73680559,-3.75456307,5.386930972,-0.18911377,-53.2433242,-19.99445,-524,10.8645139,2.68454861,0,-5.82003477,0,18,6,-12,-3267,-65081.5,-2582.825,14,16,2,4,,,,,,,,,,,,,,
LEMBKES_MALCHOWER_LENORA,BR017-108,tenminusfive,2,3,15.00702551,-53.7563205,-66.5836421,24.98278931,13.96703516,11.83343662,13.14665311,-102.6164548,-64.54160506,51,30.6599074,15.65288194,0,-5.99297449,0,25,22,-3,-3701,-32146.5,-2972.944444,21,21,0,4,,,,,,,,,,,,,,
NORIN,BR017-109,tenminusfive,1,1,5.99836808,13.65102147,-27.3163217,8.0047917,-9.6242174,-2.87494634,-5.445653719,-15.86729372,0.46682132,-572,-0.9243287,-6.92269676,0,3.99836808,0,2,-9,-11,-2726,-47621,-1877.921053,2,3,1,0,,,,,,,,,,,,,,
NORIN,BR017-109,tenminusfive,1,2,9.99090278,19.94166767,,,-7.7056526,-2.616700297,-5.05646043,33.45485166,21.6111567,61,-14.0742824,-24.06518518,0,4.99090278,0,6,37,31,-3132,27184,-2983.887218,5,4,-1,1,,,,,,,,,,,,,,
NORIN,BR017-109,tenminusfive,2,3,4.95883102,-9.54415799,-19.635772,4.97053238,2.40034584,2.020253868,3.53297226,-35.27454428,-23.30948688,0,2.6629977,-2.29583333,0,-0.04116898,0,4,24,20,-3858,1160,-2557.624522,5,4,-1,-1,,,,,,,,,,,,,,
Samourai,BR017-113,tenminusfive,1,1,0.00032407,,,,,,,,,,,,0,-1.99967593,0,,,,,,,2,,,,,,,,,,,,,,,,,
Samourai,BR017-113,tenminusfive,1,2,-2.9987037,,,,,,,,,,,,0,-4.9987037,0,-2,,,,,,2,0,-2,-4,,,,,,,,,,,,,,
Samourai,BR017-113,tenminusfive,2,3,0.9958449,,,,,,,,,,,,1,-4.0041551,0,3,,,,,,5,0,-5,-2,,,,,,,,,,,,,,
Baltia,BR017-133,tenminusfive,1,1,3.01204861,-1.17781025,-7.061052,4.99125,-0.1880568,0.23229222,0.33618967,-8.72702096,-4.67544039,0,7.6625,4.65045139,0,-3.98795139,0,1,10,9,-1694,25113.5,-2032.666667,7,3,-4,-6,,,,,,,,,,,,,,
Baltia,BR017-133,tenminusfive,1,2,2.01240741,-5.48797745,-14.2407825,1.86163194,-2.20990774,-1.38865079,-1.71916278,-1.68619726,-6.0363297,-276,0.0015741,-2.01083333,0,0.01240741,0,2,0,-2,-971,-22094.5,-779.26161,2,3,1,0,,,,,,,,,,,,,,
Baltia,BR017-133,tenminusfive,2,3,3.9909838,-9.34003318,-15.3174738,5.03208334,3.37097093,1.312456375,1.83206132,-13.1768707,-6.34177947,44,11.1230093,7.13202547,0,-3.0090162,0,6,0,-6,-2030,-17198,234.125,7,5,-2,-1,,,,,,,,,,,,,,
Coriander,BR017-137,tenminusfive,1,1,1.00158565,-20.40100695,-42.5731347,2.01174768,4.83944448,2.747784508,3.22189725,-40.29244419,-19.35813226,0,6.4192361,5.41765046,0,-0.99841435,0,2,12,10,-4275,71931,11.163743,2,2,0,0,,,,,,,,,,,,,,
Coriander,BR017-137,tenminusfive,1,2,2.00232639,-22.07312648,-15.080144,3.0115625,3.32710892,0.099497913,1.284056223,-11.6542443,-18.14157726,-119,0.0015741,-2.00075231,0,0.00232639,0,0,1,1,545,-16737,-2677.02778,2,0,-2,-2,,,,,,,,,,,,,,
Coriander,BR017-137,tenminusfive,2,3,2.01172454,-0.72574703,4.4234709,4.00079861,-1.06537359,-1.138195356,-1.33048175,13.48845322,3.86768801,-146,3.4528935,1.44116899,0,2.01172454,0,1,5,4,1274,51295.5,2199.458333,0,2,2,1,,,,,,,,,,,,,,
Dippes,BR017-139,tenminusfive,1,1,7.00159723,-7.2988156,-9.3565592,7.31709491,-2.79343697,-0.492632431,-0.6611681,-29.12535756,-20.90681199,-307,0.7421412,-6.25945602,0,0.00159723,0,7,9,2,-3035,-11777.5,-3083.515873,7,10,3,0,,,,,,,,,,,,,,
Dippes,BR017-139,tenminusfive,1,2,10.01800926,8.49657951,-41.5254848,8.08197917,-6.17079111,-2.0054564,-3.85494612,2.8270829,3.48235531,-394,0.0015625,-10.01644676,0,-1.98199074,0,8,9,1,-5150,-39388.5,-4686.816667,12,10,-2,-4,,,,,,,,,,,,,,
Dippes,BR017-139,tenminusfive,2,3,10.02369213,25.44128589,-37.8016365,9.78212963,-6.198200166,-0.200710175,-1.047262612,-28.97792622,-9.1563489,-232,0.0015741,-10.02211805,0,0.02369213,0,14,9,-5,-7462,-39869,-2949,10,14,4,4,,,,,,,,,,,,,,
Kromerska,BR017-150,tenminusfive,1,1,4.99131944,-24.90051839,0.5788306,3.54695602,7.39507994,-2.225354501,-0.02807021,19.99108409,-15.6841681,-339,8.9586689,3.96734953,0,1.99131944,0,3,-1,-4,-7145,-169504.5,-4965.969175,3,2,-1,0,,,,,,,,,,,,,,
Kromerska,BR017-150,tenminusfive,1,2,12.00136574,-7.69763737,-9.2219381,10.19475695,-2.99078024,-3.305410653,-4.86863602,17.8928255,6.39554962,-345,6.7126968,-5.28866898,0,3.00136574,0,10,26,16,-644,17264.5,-1916.897516,9,7,-2,1,,,,,,,,,,,,,,
Kromerska,BR017-150,tenminusfive,2,3,5.77091435,3.71403177,-27.9597082,4.95944444,-3.38576464,0.313399314,1.3102656,-25.1959983,-17.17987064,-75,-0.0023032,-5.77321759,0,1.77091435,0,4,9,5,-1620,-33156.5,-1694.505583,4,5,1,0,,,,,,,,,,,,,,
Matador,BR017-160,tenminusfive,1,1,3.01188657,-36.30203787,-19.6989792,5.99136574,5.50062713,2.512682394,3.708543064,-51.15340013,-39.97064315,16,1.0014931,-2.01039352,0,-3.98811343,0,6,5,-1,-2704,-18417.5,-2039.690476,7,7,0,-1,,,,,,,,,,,,,,
Matador,BR017-160,tenminusfive,1,2,3.01153935,-11.94125248,-30.3491758,6.01420139,1.05568144,1.360507381,1.92920964,-49.5267554,-29.61012632,-133,0.0015741,-3.00996528,0,-3.98846065,0,4,-9,-13,-9856,-170971.5,-6406.254383,7,7,0,-3,,,,,,,,,,,,,,
Matador,BR017-160,tenminusfive,2,3,7.02836805,,,,,,,,,,,,-1,0.02836805,0,7,,,,,,7,9,2,0,,,,,,,,,,,,,,
Ramses,BR017-168,tenminusfive,1,1,2.00217593,-33.29718083,-40.5428192,3.54342592,5.42104892,2.036102253,3.428241301,-56.62017279,-36.19588733,-49,6.6039699,4.60179398,0,-2.99782407,0,5,3,-2,-1856,-20193,-854.603175,5,2,-3,0,,,,,,,,,,,,,,
Ramses,BR017-168,tenminusfive,1,2,1.00123843,-6.46740528,-37.6760866,1.91101851,-0.57775248,1.710578889,0.93693064,-59.39870093,-18.2484904,-228,0.0015625,-0.99967593,0,-5.99876157,0,3,5,2,-322,-1463.5,-1540.18254,7,2,-5,-4,,,,,,,,,,,,,,
Ramses,BR017-168,tenminusfive,2,3,1.98627315,1.82049638,2.4751299,2.00165509,-1.93604369,0.358269984,-0.742893646,-28.5592963,-3.49736677,-142,0.001574,-1.98469907,0,-3.01372685,0,4,4,0,-352,5830.5,728.8125,5,7,2,-1,,,,,,,,,,,,,,
Slovenska_Krajova,BR017-172,tenminusfive,1,1,3.01206019,-39.25999553,-38.9759507,3.31703703,10.04575368,1.183489381,9.51007378,-31.0441088,-50.21595705,-263,9.4573958,6.44533565,0,-3.98793981,0,4,17,13,-6001,-20088.5,-4434.635,7,5,-2,-3,,,,,,,,,,,,,,
Slovenska_Krajova,BR017-172,tenminusfive,1,2,3.01177084,-21.20697368,-60.1436625,4.99127315,9.94127546,1.008714967,8.67000456,-19.18726166,-28.10101842,-127,8.9569676,5.94519676,0,0.01177084,0,5,15,10,-3104,-29886.5,-2702.083718,3,2,-1,2,,,,,,,,,,,,,,
Slovenska_Krajova,BR017-172,tenminusfive,2,3,1.00043981,-31.88503116,-44.7221696,5.03188657,8.95002726,4.013426079,6.201171419,-53.91847223,-36.59821147,0,12.1890625,11.18862268,0,-1.99956019,0,0,3,3,-5626,-41469.5,-4458.9,3,2,-1,-3,,,,,,,,,,,,,,
CANARD,BR017-185,tenminusfive,1,1,7.00163195,4.82952462,-22.6319409,6.05576389,-2.16202949,-1.066965438,-0.560075966,13.84930285,-3.15528713,-132,1.0015162,-6.00011574,0,0.00163195,0,6,13,7,-3075,10945,-928.928571,7,5,-2,-1,,,,,,,,,,,,,,
CANARD,BR017-185,tenminusfive,1,2,2.01208333,-7.65604408,44.6841089,3.88759259,-0.04498303,1.088888913,1.20902383,-23.88853282,-16.35327409,-103,0.0015741,-2.01050926,0,0.01208333,0,2,9,7,-2995,9580,-1954.928571,2,2,0,0,,,,,,,,,,,,,,
CANARD,BR017-185,tenminusfive,2,3,2.00159722,-15.09410795,-6.1554625,3.03219907,0.71788649,0.447864733,1.27465132,-24.76588203,-22.94232193,-210,0.001574,-2.00002315,0,0.00159722,0,3,4,1,-2721,-14770,-2197.284722,2,3,1,1,,,,,,,,,,,,,,
Dwarf_Essex,BR017-193,tenminusfive,1,1,,,,,,,,,,,,,0,,1,,,2,1165,-7261,-569.4305556,,,3,3,,,,,,,,,,,,,,
Dwarf_Essex,BR017-193,tenminusfive,1,2,,,,,,,,,,,,,0,,1,,,,,,,7,,,,,,,,,,,,,,,,,
Dwarf_Essex,BR017-193,tenminusfive,2,3,0.00032407,-22.18143304,-15.13505267,10.04797452,19.34045081,13.64758267,20.60126502,-32.91250209,-29.33531947,0,19.3655903,19.36526621,0,-2.99967593,1,10,13,3,-3620,-86483,-3416.92573,3,7,4,7,,,,,,,,,,,,,,
Taisetsu,BR017-203,tenminusfive,1,1,3.68603009,-20.84055733,17.2761152,4.31733797,1.53210979,0.09291001,0.52884982,-24.16636947,-22.78147363,-290,8.7168171,5.03078704,0,1.68603009,0,3,16,13,-8478,-4079.5,-4196.366071,2,2,0,1,,,,,,,,,,,,,,
Taisetsu,BR017-203,tenminusfive,1,2,5.04579861,-4.74336036,10.2143805,6.0546875,3.88457976,0.421700513,7.57212238,-4.6254252,-37.92087318,228,6.8880208,1.84222223,0,0.04579861,0,4,11,7,-6500,-35817.5,-3599.33288,5,2,-3,-1,,,,,,,,,,,,,,
Taisetsu,BR017-203,tenminusfive,2,3,1.10289352,-6.3799053,-29.2366257,3.03233796,1.66235749,1.042108053,1.78981515,-30.2301488,-15.90514341,41,0.001574,-1.10131945,0,-0.89710648,0,0,0,0,-9583,-69104,-4936,2,0,-2,-2,,,,,,,,,,,,,,
BRAUNER_SCHNITTKOHL,BR017-206,tenminusfive,1,1,5.99144676,-13.38693622,-30.1282718,7.58399307,1.84166622,3.166001333,1.80679591,-43.16362278,-17.77350712,-83,1.0575116,-4.93393518,0,-1.00855324,0,14,9,-5,-5254,-61203,-3572.433333,7,11,4,7,,,,,,,,,,,,,,
BRAUNER_SCHNITTKOHL,BR017-206,tenminusfive,1,2,12.00136574,8.09332198,-27.5975707,13.08001161,-9.371086708,-3.809044165,-7.664346255,-5.56066524,22.08471599,-557,0.9921065,-11.00925926,0,5.00136574,0,10,-9,-19,-7684,-149351,-5160.84,7,7,0,3,,,,,,,,,,,,,,
BRAUNER_SCHNITTKOHL,BR017-206,tenminusfive,2,3,2.9590162,23.05532221,28.1958815,2.01190972,-10.43460758,-1.589407821,-8.15096918,24.56528733,31.77911997,0,-7.5502778,-10.50929398,0,0.9590162,0,1,-31,-32,-1745,-61697.5,439.9125,2,0,-2,-1,,,,,,,,,,,,,,
CHEMBERE_DZAGUMHANA,BR017-207,tenminusfive,1,1,0.00032407,,,,,,,,,,,,0,-2.99967593,0,3,,,,,,3,3,0,0,,,,,,,,,,,,,,
CHEMBERE_DZAGUMHANA,BR017-207,tenminusfive,1,2,4.25688657,,,,,,,,,,,,0,2.25688657,0,4,,,,,,2,5,3,2,,,,,,,,,,,,,,
CHEMBERE_DZAGUMHANA,BR017-207,tenminusfive,2,3,6.03427083,,,,,,,,,,,,0,-0.96572917,0,7,,,,,,7,7,0,0,,,,,,,,,,,,,,
COUVE_NABICA,BR017-208,tenminusfive,1,1,0.00032407,,,,,,,,,,,,0,0.00032407,0,,,,,,,0,-2,-2,,,,,,,,,,,,,,,
COUVE_NABICA,BR017-208,tenminusfive,1,2,1.00225695,,,,,,,,,,,,0,1.00225695,0,-3,,,,,,0,-4,-4,-3,,,,,,,,,,,,,,
COUVE_NABICA,BR017-208,tenminusfive,2,3,0.00157408,,,,,,,,,,,,0,-1.99842592,0,-8,,,,,,2,-4,-6,-10,,,,,,,,,,,,,,
RAGGED_JACK,BR017-209,tenminusfive,1,1,,,,,,,,,,,,,,,,,,,,,,,,,,,,,,,,,,,,,,,
RAGGED_JACK,BR017-209,tenminusfive,1,2,,,,,,,,,,,,,,,,,,,,,,,,,,,,,,,,,,,,,,,
RAGGED_JACK,BR017-209,tenminusfive,2,3,,,,,,,,,,,,,,,,,,,,,,,,,,,,,,,,,,,,,,,
SLAPSKA_SLAPY,BR017-212,tenminusfive,1,1,24.81226854,-2.56117924,-11.1937203,28.27174771,-10.13999011,0.683874228,-2.829112158,-61.43591746,-21.09708217,-544,12.9864236,-11.82584491,0,5.81226854,0,29,-7,-36,-7309,-72577.5,-1275.608108,19,28,9,10,,,,,,,,,,,,,,
SLAPSKA_SLAPY,BR017-212,tenminusfive,1,2,,,,,,,,,,,,,,,,,,,,,,,19,,,,,,,,,,,,,,,,
SLAPSKA_SLAPY,BR017-212,tenminusfive,2,3,,,,,,,,,,,,,,,,,,,,,,,,,,,,,,,,,,,,,,,
ABUKUMA_NATANE,BR017-213,tenminusfive,1,1,12.00159722,-71.21021884,-107.2241728,7.59954861,7.05930381,-3.221184252,1.725190655,-43.39280698,-74.79807531,-567,17.5176968,5.51609954,0,5.00159722,0,11,20,9,-6685,-6095,-2217.5,7,10,3,4,,,,,,,,,,,,,,
ABUKUMA_NATANE,BR017-213,tenminusfive,1,2,4.91974537,-10.70736474,-25.7655078,3.08068287,5.05169587,0.183320374,3.72952878,-12.0501004,-23.61297853,120,2.9990509,-1.92069444,0,-0.08025463,0,3,19,16,-4208,40160.5,-2358.344444,5,3,-2,-2,,,,,,,,,,,,,,
ABUKUMA_NATANE,BR017-213,tenminusfive,2,3,14.99216434,,,,,,,,,,,,0,7.99216434,0,18,,,,,,7,9,2,11,,,,,,,,,,,,,,
GROENE_GRONINGER_SNIJMOES,BR017-218,tenminusfive,1,1,1.00135417,-4.49866692,-17.6519806,3.01206018,-0.36383105,-0.436134675,-0.250668453,-2.0606453,-5.99201545,-85,0.0015625,-0.99979167,0,6.00135417,0,1,-1,-2,-3006,-49465,-2712.494047,-5,0,5,6,,,,,,,,,,,,,,
GROENE_GRONINGER_SNIJMOES,BR017-218,tenminusfive,1,2,3.00199074,-32.60630422,-53.2642351,2.10604166,3.76134787,0.404319417,2.119883093,-29.0246017,-35.32219563,-185,4.9245834,1.92259259,0,-3.99800926,0,5,-9,-14,-6652,-165133,-4272.428571,7,2,-5,-2,,,,,,,,,,,,,,
GROENE_GRONINGER_SNIJMOES,BR017-218,tenminusfive,2,3,-2.00854166,,,,,,,,,,,,1,-0.00854166,0,-1,,,,,,-2,-2,0,1,,,,,,,,,,,,,,
RAPID_CYCLING_RAPE_CrGC5,BR017-221,tenminusfive,1,1,,,,,,,,,,-496,,,0,,1,,-2,,-4399,,,,,,,,,,,,,,,,,,,,
RAPID_CYCLING_RAPE_CrGC5,BR017-221,tenminusfive,1,2,,,,,,,,,,-206,,,0,,1,,1,,-4968,,,-34,,,,,,,,,,,,,,,,,
RAPID_CYCLING_RAPE_CrGC5,BR017-221,tenminusfive,2,3,,,,,,,,,,-92,,,0,,1,,4,,-8300,,,-34,,,,,,,,,,,,,,,,,
SWU_Chinese_1,BR017-229,tenminusfive,1,1,-6.51856482,-38.08184835,-40.4519378,-5.69506945,7.07673669,-5.339960544,-1.16243591,-32.67974938,-39.84505826,-372,0.0015741,6.52013889,0,12.48143518,0,,-7,,-7175,,,-19,,,8,,,,,,,,,,,,,,
SWU_Chinese_1,BR017-229,tenminusfive,1,2,,,,,,,,,,-250,,,0,,0,-12,-2,,-20976,,,-21,-10,11,9,,,,,,,,,,,,,,
SWU_Chinese_1,BR017-229,tenminusfive,2,3,,,,,,,,,,,,,-1,,0,,,,,,,-21,-19,,,,,,,,,,,,,,,,
SWU_Chinese_2,BR017-230,tenminusfive,1,1,,,,,,,,,,31,,,-1,,1,-16,0,,-10010,,,-19,-19,,,,,,,,,,,,,,,,
SWU_Chinese_2,BR017-230,tenminusfive,1,2,,,,,,,,,,,,,-1,,1,-15,,,,,,,,,,,,,,,,,,,,,,,
SWU_Chinese_2,BR017-230,tenminusfive,2,3,-5.08564815,,,,,,,,,,,,-1,8.91435185,1,-15,,,,,,-14,-11,,,,,,,,,,,,,,,,
Zhouyou,BR017-237,tenminusfive,1,1,-10.99789352,-10.1102457,-28.95277346,-9.99893519,4.37770199,1.525827204,3.972395753,-18.36770986,-17.55885439,135,-6.6006018,4.39729167,0,,0,-13,-3,10,8197,120963.5,3811.861111,,-9,,,,,,,,,,,,,,,,
Zhouyou,BR017-237,tenminusfive,2,2,-9.00493055,-9.60839148,2.0620998,-12.99957176,5.01260075,1.348349591,5.967927653,-4.35809871,-27.75323459,160,-3.42834492,5.57658564,0,-2.00493055,0,-11,-2,9,3839,106779.5,1276.05515,-7,-12,,,,,,,,,,,,,,,,
Zhouyou,BR017-237,tenminusfive,2,3,-8.01916667,-19.00665397,-15.50451807,-7.96902777,6.19939841,1.407784092,4.918383747,-5.82502046,-24.44734335,149,-0.98964121,7.02952546,0,0.98083333,0,-14,0,14,-5353,44595,-7758.588235,-9,-12,,,,,,,,,,,,,,,,
STELLAR_DH,BR017-239,tenminusfive,1,1,,,,,,,,,,-192,,,0,,0,,,,,,,-14,,,,,,,,,,,,,,,,,
STELLAR_DH,BR017-239,tenminusfive,2,2,-11.11265046,-27.57315009,-52.34516223,-8.94952547,2.03423321,-0.392566032,2.31419835,-48.42965085,-38.25545187,-347,-14.01557866,-2.90292824,0,2.88734954,0,-15,-4,11,-9444,-25305,-5328.611905,-14,-14,0,-1,,,,,,,,,,,,,,
STELLAR_DH,BR017-239,tenminusfive,2,3,-8.99921296,-37.65134542,-82.57642835,-6.02046296,5.94268753,0.170026982,5.74436589,-60.2435182,-51.08634742,-263,-3.45570603,5.54350694,0,5.00078704,0,-11,0,11,-4955,-12314,-5620.420287,-14,-14,0,3,,,,,,,,,,,,,,
WESTAR_DH,BR017-240,tenminusfive,1,1,,,,,,,,,,285,,,0,,0,-11,-7,3,1890,,,,-12,,,,,,,,,,,,,,,,
WESTAR_DH,BR017-240,tenminusfive,2,2,,,,,,,,,,,,,-1,,0,-14,,,,,,,-14,,,,,,,,,,,,,,,,
WESTAR_DH,BR017-240,tenminusfive,2,3,,,,,,,,,,,,,-1,,0,-13,,,,,,,-9,,,,,,,,,,,,,,,,
MONTY-028DH,BR017-257,tenminusfive,1,1,,,,,,,,,,-334,,,0,,0,,4,,-19970,,,-22,-14,8,14,,,,,,,,,,,,,,
MONTY-028DH,BR017-257,tenminusfive,2,2,,,,,,,,,,,,,-1,,0,,,,,,,-22,-12,10,15,,,,,,,,,,,,,,
MONTY-028DH,BR017-257,tenminusfive,2,3,,,,,,,,,,13,,,0,,0,,-4,,4895,,,-26,-19,7,12,,,,,,,,,,,,,,
N01D-1330,BR017-258,tenminusfive,1,1,-9.16138889,-21.82436259,-38.49540845,-8.9984375,1.24319166,-0.989524838,1.475310259,-31.49616547,-38.57545395,-186,-18.71645833,-9.55506945,0,,0,-12,0,12,-3289,17900.5,-1063.7125,,-14,,,,,,,,,,,,,,,,
N01D-1330,BR017-258,tenminusfive,2,2,-9.04313658,-25.14381511,-40.40915522,-8.94952546,3.51919904,-0.340082026,2.213619145,-33.87656577,-31.86770845,-140,-14.01561344,-4.97247685,0,3.95686342,0,-12,-3,9,-5345,-16365,-5319.88636,-13,-9,4,1,,,,,,,,,,,,,,
N01D-1330,BR017-258,tenminusfive,2,3,-7.99712963,-24.68225556,-40.33591819,-9.00579861,4.28250687,0.304071935,2.867167237,-37.45774455,-29.65798193,-44,-2.97809027,5.01903935,0,3.00287037,0,-10,-3,7,-3337,7588.5,-2784.385294,-11,-9,2,1,,,,,,,,,,,,,,
ERGLU,BR017-263,tenminusfive,1,1,-10.79924768,,,,,,,,,,,,-1,,1,-16,,,,,,,-19,,,,,,,,,,,,,,,,
ERGLU,BR017-263,tenminusfive,2,2,-9.04305556,,,,,,,,,,,,-1,-0.04305556,1,-12,,,,,,-9,-11,-2,-3,,,,,,,,,,,,,,
ERGLU,BR017-263,tenminusfive,2,3,-7.99711805,-40.5206637,-75.55214896,-9.00578704,2.00376636,-0.98494666,1.179667589,-65.09740802,-50.9328608,-500,-6.4354051,1.56171296,0,5.00288195,1,-12,-2,10,-1145,-7780,-6127.875,-13,-11,2,1,,,,,,,,,,,,,,
Liho,BR017-271,tenminusfive,1,1,,,,,,,,,,-24,,,1,,0,,,,,,,-22,-19,3,10,,,,,,,,,,,,,,
Liho,BR017-271,tenminusfive,2,2,,,,,,,,,,-252,,,0,,0,,-5,5,-14550,-78907.5,-6617.330827,-17,-19,-2,7,,,,,,,,,,,,,,
Liho,BR017-271,tenminusfive,2,3,,,,,,,,,,-98,,,1,,0,,,,,,,-17,-19,-2,7,,,,,,,,,,,,,,
Bronowski,BR017-273,tenminusfive,1,1,-10.96298611,-44.9958953,-69.93028215,-7.6518287,3.68573219,-0.876681489,3.70801294,-79.50481499,-63.79388784,-525,-5.39537034,5.56761574,0,3.03701389,1,-16,-5,11,-1520,-30368.5,-5702.275,-14,-19,-5,-2,,,,,,,,,,,,,,
Bronowski,BR017-273,tenminusfive,2,2,-8.93847222,,,,,,,,,,,,-1,5.06152778,1,-11,,,,,,-14,-9,5,3,,,,,,,,,,,,,,
Bronowski,BR017-273,tenminusfive,2,3,-4.92443287,,,,,,,,,,,,-1,7.07556713,1,-8,,,,,,-12,-9,3,4,,,,,,,,,,,,,,
Ceska_Krajova,BR017-274,tenminusfive,1,1,-4.94677083,-37.67549025,-48.53097265,-6.98640046,2.2142908,-0.977945269,1.832574933,-37.51722131,-48.07751039,-198,-5.39503477,-0.44826389,0,9.05322917,0,-10,-1,9,-4316,22519,-5065.41071,-14,-12,2,4,,,,,,,,,,,,,,
Ceska_Krajova,BR017-274,tenminusfive,2,2,-5.00403935,,,,,,,,,,,,-1,6.99596065,0,-10,,,,,,-12,-12,0,2,,,,,,,,,,,,,,
Ceska_Krajova,BR017-274,tenminusfive,2,3,-6.07292824,-30.76347856,-63.13241914,-6.97819444,0.53776424,-0.727349127,0.387360584,-43.98310886,-39.46170485,-304,-5.46748845,0.60543981,0,2.92707176,0,-11,-5,6,2130,-9928.5,-4934.43333,-9,-10,-1,-2,,,,,,,,,,,,,,
Duplo,BR017-275,tenminusfive,1,1,-6.01041667,-45.46382159,-85.08796191,4.25525463,-1.24871728,-1.613049464,0.67171012,-93.69839217,-63.58879976,-705,-12.21562499,-6.20520834,0,,0,-12,2,14,-7790,966,-7911.55556,,-16,,,,,,,,,,,,,,,,
Duplo,BR017-275,tenminusfive,2,2,-5.04545139,-35.92819919,-75.02498113,-6.99420139,-0.27475464,-1.189013419,-0.16500894,-59.3337519,-44.36277524,-514,-4.99844908,0.04700232,0,6.95454861,0,-10,-1,9,-4750,13216.5,-6327.277782,-12,-11,1,2,,,,,,,,,,,,,,
Duplo,BR017-275,tenminusfive,2,3,-5.03086806,-30.3407716,-106.078805,-3.99194445,-3.16179797,-2.457326458,-1.783157715,-44.31430212,-40.9566874,-656,1.4411227,6.47199074,0,3.96913194,0,-11,0,11,-12025,-67134,-9679.545455,-9,-9,0,-2,,,,,,,,,,,,,,
Topas,BR017-283,tenminusfive,1,1,,,,,,,,,,-165,,,0,,0,-13,-6,6,1339,,,-26,-14,12,13,,,,,,,,,,,,,,
Topas,BR017-283,tenminusfive,2,2,,,,,,,,,,-441,,,0,,0,-13,-6,6,-8377,,,-22,-14,8,9,,,,,,,,,,,,,,
Topas,BR017-283,tenminusfive,2,3,,,,,,,,,,,,,,,,,,,,,,-29,,,,,,,,,,,,,,,,,
HUGUENOT,BR017-410,tenminusfive,1,1,12.0024537,-9.74633775,-54.9099596,9.74655091,-0.32340403,-0.411317336,0.55780764,-16.73957076,-19.62922341,-145,8.4339467,-3.56850694,0,5.0024537,0,12,18,6,-5284,622.5,-2773.922223,7,9,2,5,,,,,,,,,,,,,,
HUGUENOT,BR017-410,tenminusfive,2,2,10.02300926,-23.7849661,-37.1783887,10.90120371,3.16190852,-0.255163257,1.780286124,-14.530264,-28.91477827,-120,11.3813194,1.35831018,0,0.02300926,0,9,18,9,-4814,11321.5,-1772.791666,10,5,-5,-1,,,,,,,,,,,,,,
HUGUENOT,BR017-410,tenminusfive,2,3,6.09173611,-15.22009306,1.4190992,3.93357638,1.21852201,0.541593587,1.075842362,-22.50886566,-20.32576885,-159,2.7817477,-3.30998843,0,-0.90826389,0,2,4,2,-4753,-56622,-5565.006993,7,7,0,-5,,,,,,,,,,,,,,
Wilhelmsburger,BR017-448,tenminusfive,1,1,,,,,,,,,,,,,-1,,0,,,,,,,,,,,,,,,,,,,,,,,,
Wilhelmsburger,BR017-448,tenminusfive,2,2,-10.95810185,-47.32496799,-67.5529855,-15.9677199,5.44603551,-0.458948142,2.962431693,-28.29064632,-48.97814887,-362,-3.4510649,7.50703704,0,10.04189815,0,-15,-7,8,-2247,23171.5,-1186.472222,-21,-16,5,6,,,,,,,,,,,,,,
Wilhelmsburger,BR017-448,tenminusfive,2,3,-0.9733912,-7.4453631,-40.39708532,-0.90201389,-3.56524316,-1.602825991,-1.55260659,-17.35584035,-16.13311376,-284,-4.6056945,-3.63230324,0,8.0266088,0,-3,4,7,-3375,14634.5,-1942.461806,-9,-4,5,6,,,,,,,,,,,,,,
Cabernet,BR017-509,tenminusfive,1,1,11.99082173,,,,,,,,,,,,1,2.99082173,0,,,,,,,9,11,2,,,,,,,,,,,,,,,
Cabernet,BR017-509,tenminusfive,2,2,7.95785879,-11.87050279,-26.86829775,7.96001155,0.00725794,-0.888853742,0.36496467,-11.31101258,-16.51937065,-274,2.9225463,-5.0353125,0,0.95785879,0,9,6,-3,-3180,-61420.5,-2334.458182,7,9,2,2,,,,,,,,,,,,,,
Cabernet,BR017-509,tenminusfive,2,3,,,,,,,,,,,,,0,,0,,1,19,-331,25358,90.363636,,,-3,-2,,,,,,,,,,,,,,
Cabriolet,BR017-510,tenminusfive,1,1,2.00072916,-17.56371306,12.6182939,3.39890046,2.7674367,0.832295574,1.699960662,-22.2730173,-19.65724555,-148,3.8157523,1.81502315,0,-2.99927084,0,5,11,6,2,58565.5,1505.236263,5,2,-3,0,,,,,,,,,,,,,,
Cabriolet,BR017-510,tenminusfive,2,2,3.0015625,,,,,,,,,,,,1,1.0015625,0,3,,,,,,2,9,7,1,,,,,,,,,,,,,,
Cabriolet,BR017-510,tenminusfive,2,3,2.01173611,-16.21342574,-47.606939,1.9575,-1.30710302,-0.664483361,-0.79178317,-25.3769801,-22.08422713,-357,0.0015857,-2.01015046,0,2.01173611,0,3,8,5,-3624,1613.5,-2398.39881,0,2,2,3,,,,,,,,,,,,,,
Castille,BR017-511,tenminusfive,1,1,-5.23268518,-13.40546365,-38.96985542,-3.98623843,8.43349342,1.672280513,4.932325782,-22.74835196,-26.58222812,109,-0.3929398,4.83974537,0,6.76731482,0,-6,-11,-5,-3109,-49425,-1128.058036,-12,-7,5,6,,,,,,,,,,,,,,
Castille,BR017-511,tenminusfive,2,2,,,,,,,,,,,,,,,0,,,,,,,-13,,,,,,,,,,,,,,,,,
Castille,BR017-511,tenminusfive,2,3,-2.99182871,-18.24672665,-36.82490153,-3.97229166,2.32693657,-0.253525244,0.98975325,-19.31866595,-19.79912101,-147,0.0015741,2.99340278,0,6.00817129,0,-6,0,6,1298,36948,-513.73125,-9,-7,2,3,,,,,,,,,,,,,,
Catana,BR017-512,tenminusfive,1,1,-2.16069445,,,,,,,,,,,,-1,0.83930555,0,-5,,,,,,-3,-5,-2,-2,,,,,,,,,,,,,,
Catana,BR017-512,tenminusfive,2,2,-3.01070602,-11.4945254,-60.3097335,-3.99138889,-1.27190735,-0.399619837,-0.634109634,-25.64002725,-16.91936805,-282,-2.9157871,0.09491898,0,-1.01070602,0,-6,2,8,1665,54000,-546.857143,-2,-7,-5,-4,,,,,,,,,,,,,,
Catana,BR017-512,tenminusfive,2,3,-0.99118056,-14.52991534,-20.7966749,-2.09787037,0.6355583,-0.614651263,-0.11774687,-9.1700996,-14.50824701,-161,0.0015741,0.99275463,0,1.00881944,0,-3,2,5,8800,61677.5,2867.916667,-2,-5,-3,-1,,,,,,,,,,,,,,
Chuanyou_2,BR017-513,tenminusfive,1,1,-9.28391204,-22.99496838,-54.7257413,-9.96746528,5.06986629,-0.040484536,4.432226803,0.09569733,-31.14452956,14,1.45657408,10.74048611,-1,,0,-15,-7,8,-3080,-12352.5,-3576.25,,-16,,,,,,,,,,,,,,,,
Chuanyou_2,BR017-513,tenminusfive,2,2,-10.01305556,-13.09966351,-0.6744696,-10.95988426,4.28863244,0.78633764,3.375520447,-10.454833,-19.56745524,181,-8.87409718,1.13895834,-1,-3.01305556,0,-12,-4,8,3352,57211.5,-1308.21875,-7,-14,,,,,,,,,,,,,,,,
Chuanyou_2,BR017-513,tenminusfive,2,3,-10.99767361,,,,,,,,,,,,-1,-1.99767361,0,-11,,,,,,-9,-14,,,,,,,,,,,,,,,,
Dimension,BR017-514,tenminusfive,1,1,,,,,,,,,,,,,-1,,0,7,,,,,,9,7,-2,-2,,,,,,,,,,,,,,
Dimension,BR017-514,tenminusfive,2,2,1.1028125,,,,,,,,,,,,-1,-1.8971875,0,1,,,,,,3,2,-1,-2,,,,,,,,,,,,,,
Dimension,BR017-514,tenminusfive,2,3,3.39873842,,,,,,,,,,,,0,-1.60126158,0,5,,,,,,5,7,2,0,,,,,,,,,,,,,,
Excalibur,BR017-515,tenminusfive,1,1,0.00157407,,,,,,,,,,,,-1,0.00157407,0,-2,,,,,,0,0,0,-2,,,,,,,,,,,,,,
Excalibur,BR017-515,tenminusfive,2,2,3.99611112,,,,,,,,,,,,-1,1.99611112,0,3,,,,,,2,2,0,1,,,,,,,,,,,,,,
Excalibur,BR017-515,tenminusfive,2,3,-2.00524305,,,,,,,,,,,,-1,2.99475695,0,-3,,,,,,-5,-5,0,2,,,,,,,,,,,,,,
Flash,BR017-516,tenminusfive,1,1,-4.81663194,,,,,,,,,,,,-1,9.18336806,0,-5,,,,,,-14,-7,7,9,,,,,,,,,,,,,,
Flash,BR017-516,tenminusfive,2,2,3.00193287,,,,,,,,,,,,0,-0.99806713,0,3,,,,,,4,0,-4,-1,,,,,,,,,,,,,,
Flash,BR017-516,tenminusfive,2,3,2.01131944,,,,,,,,,,,,0,2.01131944,0,0,,,,,,0,0,0,0,,,,,,,,,,,,,,
Huron_x_Navajo,BR017-517,tenminusfive,1,1,2.01210648,-19.49104324,-44.7944365,4.46026621,1.84102671,0.877875653,2.10547855,-32.33972106,-29.09581165,-176,0.0015741,-2.01053241,0,0.01210648,0,4,8,4,-1669,-2448.5,-1023.697917,2,5,3,2,,,,,,,,,,,,,,
Huron_x_Navajo,BR017-517,tenminusfive,2,2,5.03211806,,,,,,,,,,,,-1,-1.96788194,0,6,,,,,,7,10,3,-1,,,,,,,,,,,,,,
Huron_x_Navajo,BR017-517,tenminusfive,2,3,2.46368056,-36.49231944,-24.2686803,5.10765047,5.37840235,1.861016597,3.25124158,-49.34226661,-38.61295515,-205,11.9428935,9.47921297,0,-4.53631944,0,5,7,2,-4755,-28817,-2758.922619,7,4,-3,-2,,,,,,,,,,,,,,
Inca_x_Contact,BR017-518,tenminusfive,1,1,3.01216435,-8.70063695,-48.451692,4.99097223,-0.48528796,-0.656944003,-0.08217004,-8.086031,-14.00786769,-163,0.3960764,-2.61608796,0,-1.98783565,0,4,6,2,-3283,-11083,-1585.080357,5,2,-3,-1,,,,,,,,,,,,,,
Inca_x_Contact,BR017-518,tenminusfive,2,2,1.99115741,-10.25946786,-34.0757537,2.94416666,-0.38794242,0.060600232,0.115888409,-31.7059404,-18.20110101,-141,0.0015741,-1.98958333,0,-3.00884259,0,2,5,3,-2086,30021.5,287.433333,5,2,-3,-3,,,,,,,,,,,,,,
Inca_x_Contact,BR017-518,tenminusfive,2,3,2.05854166,,,,,,,,,,,,-1,-2.94145834,0,3,,,,,,5,4,-1,-2,,,,,,,,,,,,,,
Ningyou_7,BR017-520,tenminusfive,1,1,-3.21225695,,,,,,,,,,,,0,9.78774305,0,-9,,,,,,-13,-9,,,,,,,,,,,,,,,,
Ningyou_7,BR017-520,tenminusfive,2,2,-10.99834491,,,,,,,,,,,,0,0.00165509,0,-14,,,,,,-11,-16,,,,,,,,,,,,,,,,
Ningyou_7,BR017-520,tenminusfive,2,3,-5.99114584,-27.17351107,26.5506452,-6.99278935,6.414482,0.983617238,3.136659117,-10.43488742,-22.13755759,-80,6.0485995,12.03974537,0,5.00885416,0,-12,-3,9,1666,55733,-5515.916667,-11,-9,,,,,,,,,,,,,,,,
Palmedor,BR017-521,tenminusfive,1,1,0.00157408,-7.12019205,8.1106696,1.00149305,-0.28200862,-0.17688512,0.05882688,-13.2816646,-11.43514938,-152,0.0015741,0,0,2.00157408,0,-2,0,2,-2914,-28573,-3199.696429,-2,0,2,0,,,,,,,,,,,,,,
Palmedor,BR017-521,tenminusfive,2,2,3.00646991,-9.82467648,11.3220198,4.00153935,2.23813447,-0.065986695,1.486599342,0.9319979,-12.65221101,60,1.1735301,-1.83293982,0,3.00646991,0,2,4,2,-4440,-8941.5,-1935.409091,0,0,0,2,,,,,,,,,,,,,,
Palmedor,BR017-521,tenminusfive,2,3,1.89936343,-16.92725276,-38.7976836,2.01171296,-1.44448233,-1.010955902,-0.621302194,-27.29751759,-26.64411007,-334,-4.605949,-6.5053125,0,4.89936343,0,0,3,3,-1692,12508.5,-325.166667,-3,0,3,3,,,,,,,,,,,,,,
POH_285_Bolko,BR017-522,tenminusfive,1,1,11.99079862,-15.57807796,-46.43541922,15.26107638,4.75363346,4.078368098,5.10952511,-31.48760978,-22.73312567,0,16.4738889,4.48309028,0,-4.00920138,0,15,16,1,-198,-6364.5,-616.952206,16,14,-2,-1,,,,,,,,,,,,,,
POH_285_Bolko,BR017-522,tenminusfive,2,2,9.01270834,2.57234128,-32.0088243,5.0021875,-7.674755214,-4.2374049,-6.27035219,14.46347732,4.73502174,-675,0.0015625,-9.011145833,0,2.01270834,0,5,5,0,-3802,-18813,-2687.571429,7,2,-5,-2,,,,,,,,,,,,,,
POH_285_Bolko,BR017-522,tenminusfive,2,3,14.00248843,1.38777644,-20.23231517,16.2523032,-2.84016733,-0.968637969,-1.54239373,-6.06674684,-3.13219053,-179,9.162662,-4.83982639,0,3.00248843,0,13,9,-4,-4274,-57208.5,-2708.020362,11,14,3,2,,,,,,,,,,,,,,
Quinta,BR017-523,tenminusfive,1,1,12.00247685,-10.18635153,-51.9470133,13.00087964,-5.352571694,-2.260856786,-3.49798151,-40.06241193,-20.96542446,-496,3.8169907,-8.18548611,0,1.00247685,1,9,0,-9,-7015,-81582,-3612.595588,11,7,-4,-2,,,,,,,,,,,,,,
Quinta,BR017-523,tenminusfive,2,2,7.00179398,4.06726895,13.3918973,9.01263889,0.22496139,0.768637546,0.49554978,-9.0123223,2.6839654,129,0.0015741,-7.00021991,0,0.00179398,1,9,20,11,-4497,14453.5,-1637.688095,7,9,2,2,,,,,,,,,,,,,,
Quinta,BR017-523,tenminusfive,2,3,7.02829861,-18.03903445,-27.0881069,9.00266204,-0.76154933,0.692692938,-0.618081251,-56.59155517,-21.63164623,-303,4.6088542,-2.41944444,0,-4.97170139,1,5,1,-4,-8620,-55001,-5701.977778,12,7,-5,-7,,,,,,,,,,,,,,
Rocket,BR017-524,tenminusfive,1,1,8.00157407,,,,,,,,,,,,-1,1.00157407,0,7,,,,,,7,7,0,0,,,,,,,,,,,,,,
Rocket,BR017-524,tenminusfive,2,2,5.03207176,-24.43830664,-35.4188369,7.00226852,6.9252066,3.032496808,4.46148309,-48.47879031,-26.98009639,121,11.2013658,6.16929398,0,-1.96792824,0,6,11,5,-5920,468,-2040.75,7,4,-3,-1,,,,,,,,,,,,,,
Rocket,BR017-524,tenminusfive,2,3,7.56980324,-11.08612016,-34.9368141,8.5306713,3.49632543,1.45166392,3.46096903,-22.85249507,-20.26941284,83,8.233912,0.66410879,0,-1.43019676,0,7,13,6,-6895,5598,-2746.916666,9,4,-5,-2,,,,,,,,,,,,,,
Shengliyoucai,BR017-526,tenminusfive,1,1,,,,,,,,,,-156,,,0,,0,-15,0,14,-8646,,,-14,-16,-2,-1,,,,,,,,,,,,,,
Shengliyoucai,BR017-526,tenminusfive,2,2,,,,,,,,,,,,,-1,,0,-13,,,,,,-12,-11,1,-1,,,,,,,,,,,,,,
Shengliyoucai,BR017-526,tenminusfive,2,3,,,,,,,,,,-115,,,0,,0,-8,0,7,-8710,,,-12,-12,0,4,,,,,,,,,,,,,,
Temple,BR017-527,tenminusfive,1,1,2.00222222,-7.00895361,-31.2881062,3.40013889,1.45215137,1.946624825,3.27627509,-47.45247288,-26.95017045,-97,0.0003241,-2.00189815,0,-0.99777778,0,5,6,1,-6335,-24014,-2453.035256,3,2,-1,2,,,,,,,,,,,,,,
Temple,BR017-527,tenminusfive,2,2,8.11384259,-38.31653588,-31.7498987,9.03201389,15.87826792,2.465068812,10.30569749,-42.9065638,-50.83485295,69,19.7861227,11.67228009,0,1.11384259,0,7,27,20,-9917,-38585,-7190.390625,7,9,2,0,,,,,,,,,,,,,,
Temple,BR017-527,tenminusfive,2,3,2.05850694,-3.65831436,-35.5039494,4.97121527,-0.26343629,0.492924475,1.1445898,-17.11825363,-12.61452907,-166,-0.0010648,-2.05957176,0,-2.94149306,0,3,7,4,-4318,-15598,-2592.645614,5,2,-3,-2,,,,,,,,,,,,,,
Vision,BR017-528,tenminusfive,1,1,12.00199074,-26.18443119,-47.13029903,10.45957176,3.28796236,-1.185143221,3.99455161,-26.4296872,-39.24695065,-304,8.9567824,-3.04520834,0,5.00199074,0,15,19,4,-4550,-15285.5,-2996.05,7,11,4,8,,,,,,,,,,,,,,
Vision,BR017-528,tenminusfive,2,2,,,,,,,,,,,,,,,,,,,,,,,,,,,,,,,,,,,,,,,
Vision,BR017-528,tenminusfive,2,3,,,,,,,,,,,,,0,,0,,,,,,,,,,,,,,,,,,,,,,,,
Xiangyou_15,BR017-529,tenminusfive,1,1,-7.74658565,,,,,,,,,,,,0,-0.74658565,1,-13,,,,,,-7,-19,,,,,,,,,,,,,,,,
Xiangyou_15,BR017-529,tenminusfive,2,2,-3.98319444,12.25348338,-12.1295074,-5.03184028,-6.84831863,-0.358531936,0.9825908,-15.1142079,-22.99300602,-217,-10.04734959,-6.06415509,0,-1.98319444,1,-5,0,5,3577,50102.5,843.266667,-2,-7,-5,-3,,,,,,,,,,,,,,
Xiangyou_15,BR017-529,tenminusfive,2,3,-3.01266203,-28.61895866,-90.4064548,-4.0243287,0.31569556,-1.953446208,0.44280174,-15.23448557,-35.69998825,-375,-8.03561338,-5.02295139,0,5.98733797,1,-2,0,2,-4347,798.5,-1675.916667,-9,-7,2,7,,,,,,,,,,,,,,
Zhongshuang_II,BR017-530,tenminusfive,1,1,-5.99966436,-1.37770468,-23.27666743,-7.6520949,-0.37529546,-0.119324914,0.446913386,-9.5284963,-7.4850897,13,-5.2706134,0.72905092,-1,1.00033564,1,-13,-9,4,590,22430.5,-856.405982,-7,-21,,,,,,,,,,,,,,,,
Zhongshuang_II,BR017-530,tenminusfive,2,2,-6.00662037,-5.5773585,-5.39810824,-11.94940972,2.54174744,-0.424230096,2.114147384,28.40040515,-5.13850579,-34,0.00157407,6.00819444,-1,0.99337963,1,-12,-6,6,705,15677,-2518.956044,-7,-14,,,,,,,,,,,,,,,,
Zhongshuang_II,BR017-530,tenminusfive,2,3,-7.12321759,1.83769796,39.28250799,-6.99278935,2.03987203,1.510817943,1.949295563,5.84022131,0.79242118,72,-7.43936346,-0.31614584,0,-0.12321759,1,-13,-6,7,-845,16652.5,-4732.522727,-7,-14,,,,,,,,,,,,,,,,
Darmor_ET,BR017-531,tenminusfive,1,1,0.00157407,0.67005877,43.0034841,0.00158565,1.78153176,1.678826757,2.77984294,-6.5889648,-6.29057001,80,0.0039237,0.00234954,0,-1.99842593,0,2,-15,-17,-1076,-91991.5,-557.443453,2,2,0,0,,,,,,,,,,,,,,
Darmor_ET,BR017-531,tenminusfive,2,2,0.90017361,25.68273811,52.7376438,0.98844907,0.0896828,1.354090617,3.974050795,25.50433864,5.05443996,520,0.0015741,-0.89859953,0,-1.09982639,0,2,-6,-8,828,6502,2917.314286,2,3,1,0,,,,,,,,,,,,,,
Darmor_ET,BR017-531,tenminusfive,2,3,5.03175926,-15.36112562,-6.6532397,4.9599537,2.66626584,0.97829647,1.950959607,-37.456479,-23.01020812,-97,0.0015741,-5.03018519,0,1.03175926,0,5,-6,-11,-6020,-90250.5,-4564.333333,4,5,1,1,,,,,,,,,,,,,,
Express,BR017-532,tenminusfive,1,1,2.00184027,,,,,,,,,,,,-1,-2.99815973,0,1,,,,,,5,2,-3,-4,,,,,,,,,,,,,,
Express,BR017-532,tenminusfive,2,2,0.00157407,,,,,,,,,,,,1,0.00157407,0,-1,,,,,,0,0,0,-1,,,,,,,,,,,,,,
Express,BR017-532,tenminusfive,2,3,1.06788194,-6.52164905,7.4545997,1.95748842,-1.63623356,-1.002660422,-1.261495715,-2.2540037,-7.0129406,-271,0.0015856,-1.06629629,0,1.06788194,0,0,0,0,-5761,-56398,-3759.866666,0,-2,-2,0,,,,,,,,,,,,,,
