genotype_name,genotype_id,treatment,location,rep,R01_days_diff_raceme_start,R02_ratio_mean_rate,R03_max_rate,R04_days_diff_to_max_rate,R05_days_diff_main_ext_period,R06_50ht_period,R07_75ht_period,R08_50ht_rate,R09_75ht_rate,R10_max_height,R11_max_height_DAS,R12_extension_days_to_max,R13_raceme_collapse,R14_BBCH51_to_raceme_start,R15_elong_in_vern,F01_first_flowers_DAS,F02_peak_flowers_DAS,F03_flowering_days_to_peak,F06_pixel.day_peak,F07_pixel.days_to_peak,F09_mean_pixel.days_to_peak,Ground_BBCH51,Ground_BBCH60,Ground_60-51,Auto60-ground51,,,,,,,,,,,,
Capitol,BR017-028,tenvsfive,1,1,1.023527645,0.730275921,0.854517923,1.290835324,1.360246109,1.505313963,1.375918929,0.646759136,0.718862806,1.010016694,1.187081006,1.308114563,,-0.44552135,,1.142857143,1,0.666666667,0.995003224,0.470107067,0.7051606,1.25,1.185185185,1,0.875,,,,,,,,,,,,
Capitol,BR017-028,tenvsfive,1,2,1.023432722,0.831571546,0.910715996,1.168521566,,,,,,,,,,-0.235206324,,1.107142857,1.393939394,2.666666667,1.041745731,3.177130966,1.191424112,1.25,1.185185185,1,0.75,,,,,,,,,,,,
Capitol,BR017-028,tenvsfive,2,3,1.035210628,0.925963468,0.858524449,1.126238883,1.19858193,1.278395393,1.287439795,0.846877761,0.857709461,1.130489335,1.000035659,0.864573741,,-0.128189674,,1.115384615,1.076923077,1,1.00587156,1.092081311,1.092081311,1.25,1.074074074,0.571428571,0.666666667,,,,,,,,,,,,
Apex,BR017-040,tenvsfive,1,1,1.023082049,0.706211351,0.934897382,1.155038554,1.248692076,1.248693956,1.308330767,0.672307389,0.667112597,0.91680261,1.01926111,0.968821924,,0.985786575,,1.259259259,1,0.65,0.931174511,0.685159853,1.054092082,1.08,1.172413793,1.75,3.5,,,,,,,,,,,,
Apex,BR017-040,tenvsfive,1,2,1.080041361,0.806722126,1.208938209,1.167012282,1.034583883,0.781357195,1.066697293,0.892448976,0.754569185,0.951829268,0.999943594,0.776455171,,-2.818191836,,1.137931034,1.527777778,2.875,0.76033726,3.358380356,1.168132298,1.2,1.172413793,1,0.75,,,,,,,,,,,,
Apex,BR017-040,tenvsfive,2,3,1.036066905,0.874958475,0.826895368,1.152200558,0.991411544,1.086020038,1.067169312,0.755050525,0.803161837,0.908536585,1.256515373,1.386753112,,1.125271132,,1.115384615,1,0.75,0.543570623,0.417639229,0.556852305,1.136363636,1.074074074,0.8,1,,,,,,,,,,,,
Expert,BR017-055,tenvsfive,1,1,1.011629905,0.950565743,0.66520446,1.064091226,0.968135142,1.219934643,0.949952281,0.737580168,0.964335185,0.935757576,1.000033927,0.956998081,,0.681838135,,1,1.210526316,1.615384615,0.760644589,1.249655322,0.773596152,1.1,1.08,1,0.666666667,,,,,,,,,,,,
Expert,BR017-055,tenvsfive,1,2,0.999981775,0.856885713,0.947847305,0.999940334,1.173036393,1.217905924,1.192098811,0.844109879,0.847173276,0.987379808,1.087562449,1.189029544,,-1.188951253,,1,0.885714286,0.6,0.928994083,0.46525902,0.7754317,1.136363636,0.931034483,0.285714286,0.25,,,,,,,,,,,,
Expert,BR017-055,tenvsfive,2,3,1.012148762,0.920235966,1.363482716,1.044635915,0.948527174,0.809009083,0.929534415,0.990550095,0.922496297,0.932951289,1.000036949,0.953617287,,1.375196958,,0.956521739,1.161290323,1.666666667,0.857219088,1.409534582,0.845720749,1,1,1,0.8,,,,,,,,,,,,
APEX-93_5_X_GINYOU_3_DH_LINE,BR017-090,tenvsfive,1,1,0.918461987,0.699896762,0.673111964,0.656225665,1.250572235,1.047378683,1.325595975,0.739244572,0.645429844,0.943635212,0.860132502,1.013825689,,1.012769658,,0.615384615,0.659574468,0.727272727,1.800384246,1.284763013,1.766549143,0.611111111,0.666666667,0.777777778,0.625,,,,,,,,,,,,
APEX-93_5_X_GINYOU_3_DH_LINE,BR017-090,tenvsfive,1,2,0.942265565,0.724739161,0.782420463,0.687152718,1.261736055,1.095331519,1.276456038,0.741521601,0.700008558,0.991022099,1.00004205,1.260002029,,2.911612947,,0.727272727,1,1.6,0.8597091,1.367388687,0.854617929,0.611111111,0.681818182,1,1.25,,,,,,,,,,,,
APEX-93_5_X_GINYOU_3_DH_LINE,BR017-090,tenvsfive,2,3,0.901708422,,,,,,,,,,,,,-0.247810506,,,,,,,,0.611111111,,,,,,,,,,,,,,,
CANBERRA_x_COURAGE_DH_LINE,BR017-093,tenvsfive,1,1,1.01163033,,,,,,,,,,,,,-0.761578254,,1,,,,,,1.136363636,1.074074074,,0.4,,,,,,,,,,,,
CANBERRA_x_COURAGE_DH_LINE,BR017-093,tenvsfive,1,2,1.011586769,,,,,,,,,,,,,-0.412308318,,,,,,,,1.136363636,1,0.571428571,,,,,,,,,,,,,
CANBERRA_x_COURAGE_DH_LINE,BR017-093,tenvsfive,2,3,1.011560099,0.85762141,0.955915973,1.049692009,1.186205146,1.142904813,1.180170044,0.861329792,0.85601587,1.044923077,1.027116579,1.008337335,,-1.464927601,,1,0.720930233,0.333333333,0.764358683,0.233986143,0.701958429,1.136363636,1,0.4,0.25,,,,,,,,,,,,
HANSEN_X_GASPARD_DH_LINE,BR017-096,tenvsfive,1,1,1.034961649,0.941656938,0.95554902,1.119158639,0.976768109,0.779669078,0.953334841,1.141283407,0.958158182,0.9439913,1.015989829,0.902407784,,1.010457433,,1,1.277777778,2.666666667,0.96559565,2.07448606,0.777932273,1.136363636,1,0.571428571,0.666666667,,,,,,,,,,,,
HANSEN_X_GASPARD_DH_LINE,BR017-096,tenvsfive,1,2,1.011591094,0.878845313,0.860414851,1.189146618,1.030541944,1.23614989,1.090606796,0.714332413,0.825975873,0.924713584,1.000033226,0.958348203,,1.615023342,,1.148148148,1.305555556,1.7,1.062797125,1.69384733,0.996380782,1.08,1.074074074,1,2,,,,,,,,,,,,
HANSEN_X_GASPARD_DH_LINE,BR017-096,tenvsfive,2,3,1.023418556,0.885524022,0.921395494,1.080700613,1.022555434,1.00781649,1.021016518,0.87657412,0.88217069,0.924415443,1.027118847,0.960314239,,6.545396842,,1.12,1,0.769230769,0.952162736,0.720026518,0.936034473,1.136363636,1,0.4,1,,,,,,,,,,,,
MADRIGAL_x_RECITAL_DH_LINE,BR017-097,tenvsfive,1,1,1.011767402,0.883627768,0.89064027,1.083306415,1.108249665,1.070140562,1.087558164,0.889997951,0.895323363,1,1.168077808,1.322821756,,1.466107445,,1.038461538,1.352941176,2.222222222,0.790481438,2.08335456,0.937509552,1,1,1,1.166666667,,,,,,,,,,,,
MADRIGAL_x_RECITAL_DH_LINE,BR017-097,tenvsfive,1,2,1.023717106,0.810197942,1.028921566,1.128572636,1.215426922,0.954548841,1.090087669,1.036155546,0.904164569,0.981511691,1.118330082,1.144714723,,1.001609379,,1,1,1,0.674407441,0.585779644,0.585779644,1.1,1.08,1,0.666666667,,,,,,,,,,,,
MADRIGAL_x_RECITAL_DH_LINE,BR017-097,tenvsfive,2,3,1.012018093,0.858200696,0.966095501,1.043408836,1.099817044,0.967036471,1.049071093,0.929452255,0.89038868,0.982599239,1.129258207,1.216554627,,-5.979476022,,1,1,1,1.00555075,0.850388979,0.850388979,1,1,1,1,,,,,,,,,,,,
RAFAL_DH1,BR017-098,tenvsfive,1,1,1.0000182,0.960956389,0.882556436,1.000056601,1.063978166,1.152852987,1.142374394,0.910675796,0.900115196,1,1.000033649,1,,0.998187685,,1,1,1,0.637879013,0.676723158,0.676723158,1,1,1,1,,,,,,,,,,,,
RAFAL_DH1,BR017-098,tenvsfive,1,2,1.000018,0.859280729,0.718314814,1.101062207,1.369856918,1.746329698,1.45561385,0.73002927,0.822497436,1.102564103,1.000033804,1,,0.997140462,,1.107142857,1.027777778,0.777777778,0.813679601,0.70112245,0.901443151,1,1.103448276,1.75,2,,,,,,,,,,,,
RAFAL_DH1,BR017-098,tenvsfive,2,3,1.000003732,0.902707338,1.03164557,1.000012529,0.98842381,0.91759903,0.934202523,0.952754211,0.951066094,0.906470908,1.027053793,1.061173765,,0.999721069,,1,0.972222222,0.888888889,0.847614564,0.826091345,0.929352763,1,1,1,1,,,,,,,,,,,,
EUROL,BR017-101,tenvsfive,1,1,1.042308199,0.898098949,1.211698536,1.155218297,1.064726464,1.054157516,1.250553492,0.855291094,0.755443431,1,1.181115653,1.211833874,,1.359912914,,1.096774194,1,0.8125,0.695058256,0.374909751,0.461427387,1.16,1.172413793,1.25,0.833333333,,,,,,,,,,,,
EUROL,BR017-101,tenvsfive,1,2,1.021348536,0.873498188,1.31108795,1.094395121,1.166783324,1.074060646,1.166202087,0.974392596,0.878586212,1,0.999762658,0.932106588,,-2.986720751,,1.032258065,1.243243243,2.142857143,0.744293646,1.632475783,0.761822032,1,1.0625,1.4,1.25,,,,,,,,,,,,
EUROL,BR017-101,tenvsfive,2,3,,,,,,,,,,,,,,,,,,,,,,,,,,,,,,,,,,,,,
Lesira,BR017-102,tenvsfive,1,1,1.000018291,,,,,,,,,,,,,1.000515181,,1,,,,,,1,1,1,1,,,,,,,,,,,,
Lesira,BR017-102,tenvsfive,1,2,1.00001836,1.264987729,0.930232558,1.000059683,0.828793397,0.980607276,0.707363994,1.074476881,1.483647989,1.044520548,1.000028212,0.999999643,,-0.486148966,,1.074074074,1,0.904761905,1.431994362,1.278713829,1.413315285,1.25,1,0.444444444,0.571428571,,,,,,,,,,,,
Lesira,BR017-102,tenvsfive,2,3,1.012149218,,,,,,,,,,,,,1.375633234,,1.04,,,,,,1,1,1,1.142857143,,,,,,,,,,,,
LICROWN_X_EXPRESS_DH_LINE,BR017-105,tenvsfive,1,1,1.011635846,,,,,,,,,,,,,-0.297931337,,1.107142857,,,,,,1.25,1.074074074,0.571428571,0.75,,,,,,,,,,,,
LICROWN_X_EXPRESS_DH_LINE,BR017-105,tenvsfive,1,2,1.000003751,,,,,,,,,,,,,-0.467241373,,1,,,,,,1.25,1.074074074,0.571428571,0.375,,,,,,,,,,,,
LICROWN_X_EXPRESS_DH_LINE,BR017-105,tenvsfive,2,3,1.011567487,,,,,,,,,,,,,0.632843951,,1,,,,,,1.1,1,0.714285714,0.666666667,,,,,,,,,,,,
SHANNON_x_WINNER_DH_LINE,BR017-106,tenvsfive,1,1,1.011774518,,,,,,,,,,,,,1.48507848,,0.903225806,,,,,,1,1,1,0.727272727,,,,,,,,,,,,
SHANNON_x_WINNER_DH_LINE,BR017-106,tenvsfive,1,2,1.01185326,,,,,,,,,,,,,0.715051171,,0.928571429,,,,,,1.111111111,0.931034483,0.636363636,0.6,,,,,,,,,,,,
SHANNON_x_WINNER_DH_LINE,BR017-106,tenvsfive,2,3,1.012032861,,,,,,,,,,,,,-0.364295575,,,,,,,,0.909090909,,,,,,,,,,,,,,,
Janetzkis_Schlesischer,BR017-107,tenvsfive,1,1,1.137852196,1.01896769,0.774726681,1.337143548,0.740800761,0.779986026,0.836095785,0.841264219,0.877424953,0.837955411,1.019182129,0.643788843,,1.970880655,,1.258064516,1.617647059,4.25,0.604249668,2.098872507,0.493852355,1.454545455,1.344827586,1,0.777777778,,,,,,,,,,,,
Janetzkis_Schlesischer,BR017-107,tenvsfive,1,2,1.133615847,0.984898555,0.96784221,1.242363876,0.778832989,0.729910582,0.806162823,0.844084671,0.910655875,0.898314301,1.02057639,0.667085475,,-1.874792362,,1.285714286,1.173913043,1,0.464689546,0.393178314,0.393178314,1.28,1.24137931,1,1.333333333,,,,,,,,,,,,
Janetzkis_Schlesischer,BR017-107,tenvsfive,2,3,1.104052916,0.843570461,0.870872645,1.336183,0.968820104,1.086747169,0.997214643,0.73229167,0.814991726,0.834692768,1.017045382,0.740190037,,-0.71032824,,1.285714286,1,0.714285714,0.358787198,0.240739552,0.337035373,1.28,1.24137931,1,1.333333333,,,,,,,,,,,,
LEMBKES_MALCHOWER_LENORA,BR017-108,tenvsfive,1,1,1.298550717,0.705778109,0.603248007,1.792403118,0.959394982,0.929704338,0.926914331,0.658263045,0.715586045,0.7302882,1.489520709,0.982871791,,5.282699704,,1.617647059,1.717948718,2.166666667,0.252844501,0.42020336,0.193940012,1.777777778,1.78125,1.8,1,,,,,,,,,,,,
LEMBKES_MALCHOWER_LENORA,BR017-108,tenvsfive,1,2,1.084833694,0.779800826,0.486142192,1.650474398,0.855012146,1.696839842,0.98987937,0.360375562,0.661349975,0.715062534,1.165873431,1.083695257,,-3.088418971,,1.5,1.109090909,0.4,0.353325416,0.120894484,0.30223621,1.4375,1.470588235,2,2,,,,,,,,,,,,
LEMBKES_MALCHOWER_LENORA,BR017-108,tenvsfive,2,3,1.163535656,0.494539508,0.616516727,1.787530422,2.143327193,3.895788193,2.456269196,0.281960633,0.434861835,1.02852349,1.700453216,2.043146356,,-2.393383505,,1.806451613,1.564102564,0.666666667,0.437623461,0.251126926,0.376690389,1.777777778,1.65625,1,2,,,,,,,,,,,,
NORIN,BR017-109,tenvsfive,1,1,1.063085048,1.201137032,0.780403148,1.210206416,0.480235132,0.547310801,0.546740904,0.815944691,1.00566096,0.677382967,0.983428872,0.707849302,,48.69556758,,1.054054054,0.836363636,0.421052632,0.407777536,0.154231418,0.366299618,1.0625,1.083333333,1.25,1,,,,,,,,,,,,
NORIN,BR017-109,tenvsfive,1,2,1.111727249,1.423590133,,,0.720778373,0.687943627,0.733167635,1.477092632,1.396639589,1.034308211,0.811078175,0.499430994,,-7.638620047,,1.193548387,2,5.428571429,0.470140416,1.856404763,0.341969299,1.185185185,1.125,0.8,1.25,,,,,,,,,,,,
NORIN,BR017-109,tenvsfive,2,3,1.054043264,0.875052864,0.857315439,1.151793546,1.13847276,1.408808325,1.319601317,0.703789015,0.754190021,1,1.048421951,0.912502956,,0.976564457,,1.129032258,1.615384615,3.222222222,0.319456694,1.034219299,0.32096461,1.185185185,1.125,0.8,0.75,,,,,,,,,,,,
Samourai,BR017-113,tenvsfive,1,1,1.00000376,,,,,,,,,,,,,0.373533292,,,,,,,,1.1,,,,,,,,,,,,,,,
Samourai,BR017-113,tenvsfive,1,2,0.965328363,,,,,,,,,,,,,0.089268506,,0.928571429,,,,,,1.111111111,1,0.777777778,0.6,,,,,,,,,,,,
Samourai,BR017-113,tenvsfive,2,3,1.011735042,,,,,,,,,,,,,-1.151861021,,1.12,,,,,,1.25,1,0.285714286,0.6,,,,,,,,,,,,
Baltia,BR017-133,tenvsfive,1,1,1.034974314,0.983717129,0.949484848,1.190999915,0.990207358,1.03547028,1.02517002,0.912543827,0.943904164,1,1.162611012,1.193769462,,-0.277478701,,1.032258065,1.277777778,2.5,0.813723334,1.677479835,0.670991934,1.35,1.103448276,0.555555556,0.454545455,,,,,,,,,,,,
Baltia,BR017-133,tenvsfive,1,2,1.023030856,0.928229731,0.899849477,1.067366558,0.878166863,0.793347292,0.868941524,0.982909814,0.929016851,0.847513812,1.000033224,0.912571628,,0.980028314,,1.068965517,1,0.894736842,0.850177442,0.737117327,0.823837013,1.08,1.103448276,1.25,1,,,,,,,,,,,,
Baltia,BR017-133,tenvsfive,2,3,1.046505333,0.882823187,0.904352215,1.202846756,1.210445125,1.267505915,1.162382635,0.886180824,0.929228174,1.0248307,1.253625138,1.339001448,,-0.067872913,,1.24,1,0.5,0.680314961,0.537756514,1.075513029,1.35,1.185185185,0.714285714,0.8,,,,,,,,,,,,
Coriander,BR017-137,tenvsfive,1,1,1.011770457,0.78774193,0.733877873,1.083498065,1.361104853,1.668482116,1.336561878,0.700232733,0.816927787,1,1.161792801,1.308127831,,0.756078733,,1.076923077,1.352941176,2.111111111,0.706790123,2.114397261,1.001556597,1.111111111,1.074074074,1,1,,,,,,,,,,,,
Coriander,BR017-137,tenvsfive,1,2,1.023702209,0.754593574,0.897343933,1.12826499,1.234693302,1.022878711,1.131410637,0.906054695,0.822599677,0.935290919,1.000033782,0.920343482,,1.000668796,,1,1.029411765,1.111111111,1.033918347,0.814650136,0.733185123,1.111111111,1,0.777777778,0.75,,,,,,,,,,,,
Coriander,BR017-137,tenvsfive,2,3,1.024315377,0.991582034,1.031214547,1.192998932,0.931714976,0.816059282,0.886954014,1.136939069,1.042572186,0.920609027,1.088151507,1.074152043,,2.159719769,,1.041666667,1.161290323,1.5,1.102700524,2.029947394,1.353298262,1,1.08,1.285714286,1.166666667,,,,,,,,,,,,
Dippes,BR017-139,tenvsfive,1,1,1.080342248,0.910141219,0.945607329,1.262905271,0.829796684,0.913719177,0.940091798,0.7216815,0.781759309,0.833061446,1.015992252,0.718791841,,0.998127205,,1.225806452,1.243243243,1.285714286,0.710207199,0.78934707,0.61393661,1.28,1.344827586,1.75,1,,,,,,,,,,,,
Dippes,BR017-139,tenvsfive,1,2,1.115813462,1.107425503,0.761881411,1.284369286,0.638148798,0.599839755,0.66218417,1.023000491,1.037000459,0.784934498,1.000033517,0.566696958,,0.433919103,,1.275862069,1.243243243,1.111111111,0.49519702,0.414880342,0.373392308,1.6,1.344827586,0.777777778,0.555555556,,,,,,,,,,,,
Dippes,BR017-139,tenvsfive,2,3,1.116857823,1.359377294,0.766167013,1.37627428,0.590071681,0.941223976,0.85626404,0.775102922,0.92000802,0.852791878,1.000035926,0.523627165,,1.03049898,,1.5,1.272727273,0.166666667,0.372783055,0.100103828,0.600622969,1.454545455,1.518518519,1.8,1.666666667,,,,,,,,,,,,
Kromerska,BR017-150,tenvsfive,1,1,1.055952024,0.591928512,1.004498418,1.113695876,1.344700717,0.635475706,0.997948187,1.212801973,0.79233465,0.815660685,1.163726468,1.139155629,,-1.511532169,,1.096774194,0.984126984,0.878787879,0.450933682,0.194002492,0.220761456,1.111111111,1.0625,0.8,1,,,,,,,,,,,,
Kromerska,BR017-150,tenvsfive,1,2,1.13725736,0.859199239,0.918879798,1.324289966,0.869943346,0.547055016,0.669128966,1.235694327,1.09472368,0.803754266,1.120450554,0.830994818,,-4.330606217,,1.322580645,1.702702703,3.285714286,0.887314086,1.643189777,0.500101236,1.36,1.21875,0.714285714,1.166666667,,,,,,,,,,,,
Kromerska,BR017-150,tenvsfive,2,3,1.064827596,1.07699676,0.833930908,1.172014073,0.868176246,1.088517018,1.130038218,0.83056448,0.82186319,0.957888827,0.999963741,0.846051712,,2.737195865,,1.137931034,1.166666667,1.192307692,0.708370837,0.670872191,0.562666999,1.16,1.172413793,1.25,1,,,,,,,,,,,,
Matador,BR017-160,tenvsfive,1,1,1.034990433,0.661695199,0.873480357,1.229662096,1.489223968,1.591236096,1.465868742,0.600742321,0.667951087,1.009667674,1.02173496,0.912591938,,-0.295923126,,1.214285714,1.147058824,0.857142857,0.726841095,0.574215996,0.669918662,1.35,1.259259259,1,0.875,,,,,,,,,,,,
Matador,BR017-160,tenvsfive,1,2,1.034816248,0.862813397,0.823667699,1.226881928,1.071227498,1.369836397,1.227371326,0.671428735,0.752292604,0.927678086,1.000033768,0.86979144,,-0.140178537,,1.142857143,0.804347826,0.315789474,0.362813551,0.117354617,0.371622953,1.35,1.259259259,1,0.625,,,,,,,,,,,,
Matador,BR017-160,tenvsfive,2,3,1.082813124,,,,,,,,,,,,,1.015168296,,1.28,,,,,,1.35,1.36,1.4,1,,,,,,,,,,,,
Ramses,BR017-168,tenvsfive,1,1,1.023499941,0.67458977,0.773482832,1.146423819,1.422436843,1.523181355,1.385696296,0.61843676,0.689828637,0.973355084,1.162670487,1.250124246,,-0.363149309,,1.192307692,1.088235294,0.777777778,0.814529829,0.684230279,0.879724644,1.25,1.074074074,0.571428571,1,,,,,,,,,,,,
Ramses,BR017-168,tenvsfive,1,2,1.011576949,0.913053738,0.777233212,1.07212616,0.965707386,1.476073196,1.091398219,0.606226,0.810373266,0.871766029,1.000033529,0.956754862,,-0.093562809,,1.115384615,1.15625,1.285714286,0.962705583,0.966273751,0.75154625,1.388888889,1.074074074,0.444444444,0.5,,,,,,,,,,,,
Ramses,BR017-168,tenvsfive,2,3,1.023426105,1.022556437,1.014632348,1.080800969,0.882435333,1.088669873,0.929517818,0.805570967,0.965000889,0.922784122,1.000035918,0.909919953,,-0.684702932,,1.166666667,1.129032258,1,0.95705746,1.141639034,1.141639034,1.25,1.28,1.4,0.75,,,,,,,,,,,,
Slovenska_Krajova,BR017-172,tenvsfive,1,1,1.034965487,0.527257535,0.730347742,1.119195503,1.623475777,1.208383948,1.840309543,0.707367708,0.464992839,0.856987493,1.203809408,1.277107553,,-0.268506211,,1.148148148,1.447368421,2.083333333,0.486743072,0.760264695,0.364927054,1.35,1.185185185,0.714285714,0.571428571,,,,,,,,,,,,
Slovenska_Krajova,BR017-172,tenvsfive,1,2,1.03484978,0.651248764,0.625638718,1.188836537,1.444788589,1.168238256,1.565847438,0.815489856,0.602521782,0.930940729,1.163678861,1.189934522,,1.008280482,,1.192307692,1.326086957,1.476190476,0.698757764,0.73585431,0.498481952,1.136363636,1.074074074,0.8,1.5,,,,,,,,,,,,
Slovenska_Krajova,BR017-172,tenvsfive,2,3,1.011519301,0.655366816,0.722540836,1.202507854,1.62489271,1.914417114,1.637535894,0.598556258,0.660726468,1,1.285185729,1.592248123,,-0.081425194,,1,1.076923077,1.25,0.494383032,0.592060478,0.473648383,1.136363636,1.074074074,0.8,0.5,,,,,,,,,,,,
CANARD,BR017-185,tenvsfive,1,1,1.080415687,1.063170676,0.847947533,1.212706413,0.860654627,0.790434969,0.946052235,1.142447309,0.96466276,0.923611111,1.021739933,0.727268184,,1.000789149,,1.214285714,1.382352941,2,0.538218952,1.456993737,0.728496869,1.318181818,1.172413793,0.714285714,0.833333333,,,,,,,,,,,,
CANARD,BR017-185,tenvsfive,1,2,1.023007679,0.897232644,1.401866565,1.136083625,0.997404599,1.161626691,1.098379032,0.718638971,0.803257285,0.942714127,1.000033801,0.909094239,,0.977922523,,1.064516129,1.243243243,2,0.595871003,1.2592763,0.62963815,1.08,1.0625,1,1,,,,,,,,,,,,
CANARD,BR017-185,tenvsfive,2,3,1.022801067,0.831379049,0.96055232,1.113203943,1.05249275,1.101571314,1.13325748,0.783758914,0.77008821,0.88320356,1.000035908,0.895005465,,0.992562662,,1.107142857,1.114285714,1.125,0.626133553,0.631160334,0.561031408,1.08,1.103448276,1.25,1.333333333,,,,,,,,,,,,
Dwarf_Essex,BR017-193,tenvsfive,1,1,,,,,,,,,,,,,,,,,,1.125,1.442125237,0.696319532,0.618950695,,,1.75,1.75,,,,,,,,,,,,
Dwarf_Essex,BR017-193,tenvsfive,1,2,,,,,,,,,,,,,,,,,,,,,,1.21875,,,,,,,,,,,,,,,
Dwarf_Essex,BR017-193,tenvsfive,2,3,1.000003641,0.543795646,0.816750248,1.297575201,1.796852532,2.586661748,2.196879513,0.363115739,0.441599549,1,1.351780065,1.66651861,,1.998535942,,1.3125,1.228070175,1.115384615,0.440926641,0.208523996,0.186952548,1.103448276,1.205882353,1.8,3.333333333,,,,,,,,,,,,
Taisetsu,BR017-203,tenvsfive,1,1,1.042292038,0.738390616,1.109556425,1.155070864,1.097908134,1.017665624,1.052075528,0.759735694,0.763318822,0.838350056,1.18484944,1.218732623,,-0.999080546,,1.096774194,1.421052632,2.625,0.338637959,0.921122594,0.350903845,1.08,1.0625,1,1.166666667,,,,,,,,,,,,
Taisetsu,BR017-203,tenvsfive,1,2,1.057678111,0.919179458,1.062511775,1.213179756,1.19322495,1.08798961,1.782439492,0.958603376,0.608865056,1.141527002,1.119790002,1.055793196,,0.911579372,,1.129032258,1.239130435,1.4375,0.491313195,0.666359271,0.463554276,1.2,1.0625,0.571428571,0.833333333,,,,,,,,,,,,
Taisetsu,BR017-203,tenvsfive,2,3,1.012571164,0.926275219,0.846370381,1.113435289,1.138909875,1.369278893,1.243206033,0.799742425,0.854956627,1.026902887,1.000035952,0.942184724,,4.347585739,,1,1,1,0.304016268,0.324760602,0.324760602,1.08,1,0.5,0.5,,,,,,,,,,,,
BRAUNER_SCHNITTKOHL,BR017-206,tenvsfive,1,1,1.067212631,0.807594017,0.776783705,1.236029474,1.100966592,1.53417516,1.137812895,0.520475425,0.765396871,0.954866775,1.019301024,0.827778413,,2.175029327,,1.4375,1.195652174,0.666666667,0.259269703,0.19929091,0.298936365,1.259259259,1.34375,1.8,2.4,,,,,,,,,,,,
BRAUNER_SCHNITTKOHL,BR017-206,tenvsfive,1,2,1.137242554,1.111740048,0.80704707,1.457961329,0.488548718,0.372945858,0.396811422,0.942893839,1.266936411,0.697117999,1.018121065,0.636686976,,-0.958546358,,1.322580645,0.836363636,0.24,0.14097261,0.041214347,0.171726445,1.259259259,1.21875,1,1.75,,,,,,,,,,,,
BRAUNER_SCHNITTKOHL,BR017-206,tenvsfive,2,3,1.03220476,1.569306578,1.220285588,1.059454105,0.638857886,0.744736076,0.588720826,1.352028619,1.70429637,1,0.879138818,0.687124025,,0.142716731,,1.028571429,0.581081081,0.2,0.718865797,0.243170471,1.215852357,1.066666667,1,0.666666667,0.8,,,,,,,,,,,,
CHEMBERE_DZAGUMHANA,BR017-207,tenvsfive,1,1,1.000003723,,,,,,,,,,,,,-0.464372689,,1.107142857,,,,,,1.136363636,1.103448276,1,1,,,,,,,,,,,,
CHEMBERE_DZAGUMHANA,BR017-207,tenvsfive,1,2,1.049288635,,,,,,,,,,,,,-0.381620436,,1.148148148,,,,,,1.08,1.185185185,2.5,2,,,,,,,,,,,,
CHEMBERE_DZAGUMHANA,BR017-207,tenvsfive,2,3,1.070325247,,,,,,,,,,,,,0.655734255,,1.269230769,,,,,,1.35,1.259259259,1,1,,,,,,,,,,,,
COUVE_NABICA,BR017-208,tenvsfive,1,1,1.000003763,,,,,,,,,,,,,1.000103857,,,,,,,,1,0.931034483,0.777777778,,,,,,,,,,,,,
COUVE_NABICA,BR017-208,tenvsfive,1,2,1.011723089,,,,,,,,,,,,,1.401823626,,0.896551724,,,,,,1,0.862068966,0.555555556,0.666666667,,,,,,,,,,,,
COUVE_NABICA,BR017-208,tenvsfive,2,3,1.000018335,,,,,,,,,,,,,0.299267468,,0.75,,,,,,1.1,0.862068966,0.333333333,0.166666667,,,,,,,,,,,,
RAGGED_JACK,BR017-209,tenvsfive,1,1,,,,,,,,,,,,,,,,,,,,,,,,,,,,,,,,,,,,,
RAGGED_JACK,BR017-209,tenvsfive,1,2,,,,,,,,,,,,,,,,,,,,,,,,,,,,,,,,,,,,,
RAGGED_JACK,BR017-209,tenvsfive,2,3,,,,,,,,,,,,,,,,,,,,,,,,,,,,,,,,,,,,,
SLAPSKA_SLAPY,BR017-212,tenvsfive,1,1,1.263820428,0.943694418,0.904324962,1.784239877,0.630742911,1.133561712,0.772024329,0.387401172,0.730995438,0.704187058,1.208373052,0.621852652,,3.835477074,,1.763157895,0.905405405,0.027027027,0.087971051,0.009620305,0.355951284,1.655172414,1.717948718,1.9,2.111111111,,,,,,,,,,,,
SLAPSKA_SLAPY,BR017-212,tenvsfive,1,2,,,,,,,,,,,,,,,,,,,,,,,1.395833333,,,,,,,,,,,,,,
SLAPSKA_SLAPY,BR017-212,tenvsfive,2,3,,,,,,,,,,,,,,,,,,,,,,,,,,,,,,,,,,,,,
ABUKUMA_NATANE,BR017-213,tenvsfive,1,1,1.139468784,0.256942044,0.339031832,1.267079257,1.657008203,0.27001839,1.229649251,0.553140942,0.301331092,0.622754491,1.380387655,1.239830294,,5.753418168,,1.392857143,1.588235294,2.285714286,0.272974443,0.733318749,0.320826953,1.318181818,1.344827586,1.428571429,1.666666667,,,,,,,,,,,,
ABUKUMA_NATANE,BR017-213,tenvsfive,1,2,1.056892325,0.814017084,0.857399393,1.108497299,1.235436774,1.037148829,1.341509793,0.893145922,0.737068114,1.070713023,1.048846181,0.949353026,,0.945578124,,1.107142857,1.527777778,2.777777778,0.650004159,1.720309571,0.619311446,1.227272727,1.103448276,0.714285714,0.666666667,,,,,,,,,,,,
ABUKUMA_NATANE,BR017-213,tenvsfive,2,3,1.174908543,,,,,,,,,,,,,3.94446007,,1.72,,,,,,1.35,1.333333333,1.285714286,3.2,,,,,,,,,,,,
GROENE_GRONINGER_SNIJMOES,BR017-218,tenvsfive,1,1,1.011900982,0.949752556,0.887520155,1.130163173,0.975035339,0.90664639,0.974536231,0.98328639,0.94281519,0.953347969,1.000039334,0.946198446,,6.262208752,,1.038461538,0.974358974,0.857142857,0.777267338,0.58224069,0.679280805,0.75,1,1.714285714,2,,,,,,,,,,,,
GROENE_GRONINGER_SNIJMOES,BR017-218,tenvsfive,1,2,1.035551898,0.683559551,0.750956153,1.079621657,1.289643986,1.091679932,1.240501987,0.787548632,0.706901096,0.899401849,1.118284136,1.095206927,,-0.162321492,,1.192307692,0.804347826,0.333333333,0.502691388,0.185891273,0.55767382,1.388888889,1.074074074,0.444444444,0.75,,,,,,,,,,,,
GROENE_GRONINGER_SNIJMOES,BR017-218,tenvsfive,2,3,0.976295421,,,,,,,,,,,,,0.995068958,,0.96,,,,,,0.9,0.925925926,1,1.2,,,,,,,,,,,,
RAPID_CYCLING_RAPE_CrGC5,BR017-221,tenvsfive,1,1,,,,,,,,,,0.575705731,,,,,,,0.928571429,,0.134395907,,,,,,,,,,,,,,,,,,
RAPID_CYCLING_RAPE_CrGC5,BR017-221,tenvsfive,1,2,,,,,,,,,,0.82847627,,,,,,,1.043478261,,0.18127884,,,-4.666666667,,,,,,,,,,,,,,,
RAPID_CYCLING_RAPE_CrGC5,BR017-221,tenvsfive,2,3,,,,,,,,,,0.925324675,,,,,,,1.142857143,,0.044879171,,,-4.666666667,,,,,,,,,,,,,,,
SWU_Chinese_1,BR017-229,tenvsfive,1,1,0.914443523,0.334482008,0.573821573,0.597790378,1.361134877,0.015558366,0.911589975,0.620007395,0.401778764,0.77275504,1.000039608,1.245560779,,6.698773465,,,0.774193548,,0.611952407,,,-0.727272727,,,2.142857143,,,,,,,,,,,,
SWU_Chinese_1,BR017-229,tenvsfive,1,2,,,,,,,,,,0.832439678,,,,,,0.368421053,0.928571429,,0.413439221,,,-0.615384615,0.444444444,3.2,2.5,,,,,,,,,,,,
SWU_Chinese_1,BR017-229,tenvsfive,2,3,,,,,,,,,,,,,,,,,,,,,,-0.615384615,0.24,,,,,,,,,,,,,,
SWU_Chinese_2,BR017-230,tenvsfive,1,1,,,,,,,,,,1.024409449,,,,,,0.304347826,1,,0.649264191,,,-0.727272727,0.24,,,,,,,,,,,,,,
SWU_Chinese_2,BR017-230,tenvsfive,1,2,,,,,,,,,,,,,,,,0.318181818,,,,,,,,,,,,,,,,,,,,,
SWU_Chinese_2,BR017-230,tenvsfive,2,3,0.932224503,,,,,,,,,,,,,2.476698193,,0.285714286,,,,,,-1.333333333,0.5,,,,,,,,,,,,,,
Zhouyou,BR017-237,tenvsfive,1,1,0.871062455,0.855028511,0.770247998,0.588469046,1.288262625,1.368573114,1.401972461,0.822130865,0.788967908,1.08549715,0.860442729,1.175888572,,,,0.518518519,0.911764706,2.25,1.860125918,3.888335721,1.728149209,,0.666666667,,,,,,,,,,,,,,
Zhouyou,BR017-237,tenvsfive,2,2,0.891039045,0.867798813,1.019256082,0.450062869,1.32729869,1.296087317,1.654502807,0.955047996,0.706169815,1.095294818,0.912271177,1.286931613,,0.698218328,,0.541666667,0.935483871,2.125,1.205657042,2.411820315,1.134974266,0.461538462,0.52,,,,,,,,,,,,,,
Zhouyou,BR017-237,tenvsfive,2,3,0.904430478,0.765774097,0.864067085,0.666708297,1.525719079,1.369900427,1.619276675,0.937814498,0.734657615,1.099267155,0.97318831,1.439302441,,1.165982775,,0.5,1,5.666666667,0.682747585,2.179153611,0.38455652,0.4,0.555555556,,,,,,,,,,,,,,
STELLAR_DH,BR017-239,tenvsfive,1,1,,,,,,,,,,0.881846154,,,,,,,,,,,,0.066666667,,,,,,,,,,,,,,,
STELLAR_DH,BR017-239,tenvsfive,2,2,0.862040144,0.57876671,0.58352638,0.564498506,1.115088275,0.925015823,1.197250805,0.485710676,0.505701511,0.790963855,0.678524194,0.88855351,,2.132345332,,0.375,0.878787879,2.1,0.520097566,0.678558499,0.323123095,0.066666667,0.44,1,0.888888889,,,,,,,,,,,,
STELLAR_DH,BR017-239,tenvsfive,2,3,0.887533317,0.510108854,0.464188972,0.665705667,1.371873055,1.03746842,1.532156922,0.490917099,0.430906723,0.847800926,0.912468477,1.24678546,,3.479686415,,0.5,1,1.916666667,0.766493874,0.903486221,0.471384116,0.066666667,0.44,1,1.428571429,,,,,,,,,,,,
WESTAR_DH,BR017-240,tenvsfive,1,1,,,,,,,,,,1.228915663,,,,,,0.388888889,0.774193548,1.214285714,1.203116604,,,,0.333333333,,,,,,,,,,,,,,
WESTAR_DH,BR017-240,tenvsfive,2,2,,,,,,,,,,,,,,,,0.3,,,,,,,0.3,,,,,,,,,,,,,,
WESTAR_DH,BR017-240,tenvsfive,2,3,,,,,,,,,,,,,,,,0.315789474,,,,,,,0.55,,,,,,,,,,,,,,
MONTY-028DH,BR017-257,tenvsfive,1,1,,,,,,,,,,0.760057471,,,,,,,1.148148148,,0.165656988,,,-1,0.066666667,3,4.5,,,,,,,,,,,,
MONTY-028DH,BR017-257,tenvsfive,2,2,,,,,,,,,,,,,,,,,,,,,,-1,0.076923077,6,8.5,,,,,,,,,,,,
MONTY-028DH,BR017-257,tenvsfive,2,3,,,,,,,,,,1.013078471,,,,,,,0.875,,1.914953271,,,-0.733333333,0.05,2.4,3.4,,,,,,,,,,,,
N01D-1330,BR017-258,tenvsfive,1,1,0.888780681,0.641042959,0.660824873,0.554737916,1.098713951,0.608381761,1.214390723,0.699118284,0.5405392,0.851556265,0.597227546,0.647372544,,,,0.4,1,2.5,0.738116092,1.685409607,0.674163843,,0.3,,,,,,,,,,,,,,
N01D-1330,BR017-258,tenvsfive,2,2,0.889182749,0.609329709,0.650531572,0.564698564,1.289158852,0.86998593,1.286955446,0.669973806,0.583511254,0.891219891,0.678593022,0.801124865,,2.097893314,,0.368421053,0.896551724,1.818181818,0.777198833,0.851281352,0.468204744,0.133333333,0.55,1.8,1.25,,,,,,,,,,,,
N01D-1330,BR017-258,tenvsfive,2,3,0.901266167,0.643096219,0.65955165,0.549793181,1.376080834,1.12000492,1.37851287,0.657976518,0.623221963,0.965490196,0.917297419,1.278637542,,1.600952452,,0.473684211,0.892857143,1.7,0.828051734,1.096716224,0.645127191,0.153846154,0.55,1.285714286,1.166666667,,,,,,,,,,,,
ERGLU,BR017-263,tenvsfive,1,1,0.868907104,,,,,,,,,,,,,,,0.333333333,,,,,,,0.24,,,,,,,,,,,,,,
ERGLU,BR017-263,tenvsfive,2,2,0.889226445,,,,,,,,,,,,,0.988156938,,0.454545455,,,,,,0.4,0.5,0.714285714,0.571428571,,,,,,,,,,,,
ERGLU,BR017-263,tenvsfive,2,3,0.901273999,0.482862647,0.443088554,0.54993542,1.137894373,0.75420316,1.123252125,0.44850831,0.451645338,0.699519231,0.836968002,1.072738956,,2.665872753,,0.428571429,0.933333333,2,0.947728829,0.93221668,0.46610834,0.133333333,0.5,1.285714286,1.166666667,,,,,,,,,,,,
Liho,BR017-271,tenvsfive,1,1,,,,,,,,,,0.979695431,,,,,,,,,,,,-1,-0.055555556,1.428571429,2.25,,,,,,,,,,,,
Liho,BR017-271,tenvsfive,2,2,,,,,,,,,,0.827751196,,,,,,,0.827586207,1.357142857,0.408175717,0.398116719,0.293349162,-1.833333333,-0.055555556,0.833333333,1.7,,,,,,,,,,,,
Liho,BR017-271,tenvsfive,2,3,,,,,,,,,,0.928205128,,,,,,,,,,,,-1.833333333,-0.055555556,0.833333333,1.636363636,,,,,,,,,,,,
Bronowski,BR017-273,tenvsfive,1,1,0.865490201,0.41664742,0.477336759,0.621902845,1.22084409,0.822947429,1.351366851,0.292595429,0.33557967,0.712643678,0.867223529,1.251567058,,1.866912692,,0.333333333,0.84375,2.222222222,0.874276261,0.556424638,0.250391087,0.066666667,0.24,0.5,0.777777778,,,,,,,,,,,,
Bronowski,BR017-273,tenvsfive,2,2,0.886466306,,,,,,,,,,,,,7.93656912,,0.45,,,,,,0.066666667,0.55,2,1.6,,,,,,,,,,,,
Bronowski,BR017-273,tenvsfive,2,3,0.936807358,,,,,,,,,,,,,4.671204669,,0.578947368,,,,,,0.076923077,0.55,1.428571429,1.666666667,,,,,,,,,,,,
Ceska_Krajova,BR017-274,tenvsfive,1,1,0.94059697,0.573777236,0.637556095,0.699831075,1.213632164,0.707151511,1.256478773,0.667676635,0.518879267,0.853115727,0.867354162,0.978023861,,33.9541206,,0.615384615,0.96875,2.285714286,0.786452922,1.279562017,0.559808382,0.3,0.555555556,1.285714286,1.666666667,,,,,,,,,,,,
Ceska_Krajova,BR017-274,tenvsfive,2,2,0.939413393,,,,,,,,,,,,,5.391248763,,0.583333333,,,,,,0.333333333,0.52,1,1.333333333,,,,,,,,,,,,
Ceska_Krajova,BR017-274,tenvsfive,2,3,0.927683546,0.642386077,0.576617203,0.696432357,1.04735952,0.769125438,1.051348789,0.650089017,0.607789432,0.790633609,0.861394938,1.032780701,,1.489711942,,0.56,0.848484848,1.666666667,1.132298137,0.896720135,0.538032081,0.4,0.6,0.9,0.8,,,,,,,,,,,,
Duplo,BR017-275,tenvsfive,1,1,0.92426937,0.433304162,0.38366557,1.222786176,0.923806076,0.677504083,1.060733415,0.200243117,0.324732971,0.613062569,0.706963623,0.754934854,,,,0.428571429,1.068965517,2.555555556,0.726493926,1.008214356,0.394518661,,0.272727273,,,,,,,,,,,,,,
Duplo,BR017-275,tenvsfive,2,2,0.935796651,0.5779945,0.494326473,0.623922268,0.982864456,0.774158837,0.985475675,0.503762327,0.537296641,0.720500272,0.863255176,1.002241661,,3.689841799,,0.523809524,0.965517241,2,0.840373694,1.103978915,0.551989458,0.076923077,0.5,1.111111111,1.25,,,,,,,,,,,,
Duplo,BR017-275,tenvsfive,2,3,0.936299386,0.596134565,0.436141201,0.809410766,0.803740351,0.485323178,0.838194118,0.589565848,0.524762204,0.622337363,1.037977201,1.294579222,,5.063572369,,0.45,1,2,0.552391588,0.539597849,0.269798925,0.4,0.55,1,0.6,,,,,,,,,,,,
Topas,BR017-283,tenvsfive,1,1,,,,,,,,,,0.863410596,,,,,,0.35,0.8125,1.461538462,1.113043478,,,-0.733333333,0.3,3.4,3.6,,,,,,,,,,,,
Topas,BR017-283,tenvsfive,2,2,,,,,,,,,,0.718570517,,,,,,0.315789474,0.806451613,1.461538462,0.636997877,,,-1,0.3,1.888888889,2.125,,,,,,,,,,,,
Topas,BR017-283,tenvsfive,2,3,,,,,,,,,,,,,,,,,,,,,,-0.611111111,,,,,,,,,,,,,,,
HUGUENOT,BR017-410,tenvsfive,1,1,1.139006838,0.877472162,0.664906439,1.353138124,0.981003688,0.922990915,1.051728841,0.856486973,0.80401128,0.920678337,1.178142028,0.851309773,,-2.021426226,,1.413793103,1.486486486,1.666666667,0.493141487,1.009826827,0.605896096,1.28,1.3,1.4,2.25,,,,,,,,,,,,
HUGUENOT,BR017-410,tenvsfive,2,2,1.117012107,0.73343882,0.772547724,1.423369982,1.214305872,0.94435052,1.189077498,0.887932761,0.739659369,0.933518006,1.260467271,1.064564933,,1.034974756,,1.346153846,1.486486486,1.75,0.521137969,1.174893988,0.671367993,1.454545455,1.172413793,0.285714286,0.75,,,,,,,,,,,,
HUGUENOT,BR017-410,tenvsfive,2,3,1.070868276,0.82563308,1.01104847,1.135412985,1.090505465,1.12093049,1.120232075,0.795107431,0.802093631,0.906908665,1.063225397,0.842671725,,0.693006443,,1.068965517,1.102564103,1.181818182,0.497037037,0.345236306,0.292123028,1.35,1.259259259,1,0.444444444,,,,,,,,,,,,
Wilhelmsburger,BR017-448,tenvsfive,1,1,,,,,,,,,,,,,,,,,,,,,,,,,,,,,,,,,,,,,
Wilhelmsburger,BR017-448,tenvsfive,2,2,0.876589877,0.52585898,0.568015473,0.496178275,1.414598236,0.916834877,1.314243468,0.72871866,0.553995528,0.803153888,0.918961014,1.447085536,,-7.327926098,,0.545454545,0.833333333,1.8,0.806676417,1.416304348,0.786835749,0.222222222,0.529411765,1.714285714,2,,,,,,,,,,,,
Wilhelmsburger,BR017-448,tenvsfive,2,3,0.987815783,0.878619736,0.685324827,0.954647162,0.822391772,0.711509593,0.877384121,0.825470693,0.790854037,0.832645846,0.895161149,0.865677538,,5.247975547,,0.857142857,1.137931034,1.777777778,0.720149254,1.248991918,0.702557954,0.4,0.818181818,1.714285714,2,,,,,,,,,,,,
Cabernet,BR017-509,tenvsfive,1,1,1.13440121,,,,,,,,,,,,,-2.817844651,,,,,,,,1.333333333,1.34375,1.4,,,,,,,,,,,,,
Cabernet,BR017-509,tenvsfive,2,2,1.086870238,0.801432693,0.784010263,1.252198201,1.000339264,0.852721511,1.025894871,0.882808384,0.77123506,0.842619184,1.048312641,0.842084401,,1.596323726,,1.272727273,1.105263158,0.88,0.430617726,0.267526102,0.304006934,1.259259259,1.264705882,1.285714286,1.333333333,,,,,,,,,,,,
Cabernet,BR017-509,tenvsfive,2,3,,,,,,,,,,,,,,,,,1.016129032,7.333333333,0.886643836,7.872086721,1.073466371,,,0.571428571,0.6,,,,,,,,,,,,
Cabriolet,BR017-510,tenvsfive,1,1,1.023743694,0.797603506,1.088231647,1.140080481,1.190055931,1.19784895,1.179174035,0.827128419,0.812182,0.917960089,1.087822614,1.081813804,,-1.373592855,,1.192307692,1.34375,1.857142857,1.000176258,2.287238719,1.231590079,1.25,1.074074074,0.571428571,1,,,,,,,,,,,,
Cabriolet,BR017-510,tenvsfive,2,2,1.035911847,,,,,,,,,,,,,1.387991912,,1.12,,,,,,1.111111111,1.36,2,1.142857143,,,,,,,,,,,,
Cabriolet,BR017-510,tenvsfive,2,3,1.023952665,0.831284221,0.753085739,1.081600711,0.905760856,0.83934373,0.912830316,0.82863573,0.811247859,0.801776791,1.000040188,0.891163595,,3.036198778,,1.12,1.258064516,1.714285714,0.623832261,1.037918312,0.605452348,1,1.074074074,1.285714286,1.6,,,,,,,,,,,,
Castille,BR017-511,tenvsfive,1,1,0.935851737,0.751818246,0.69917053,0.803694462,1.430885963,1.389572861,1.533253801,0.779073352,0.702514147,1.070871261,0.991693688,1.168430168,,12.83643066,,0.739130435,0.744186047,0.761904762,0.755485647,0.624941664,0.820235934,0.333333333,0.72,1.714285714,2.2,,,,,,,,,,,,
Castille,BR017-511,tenvsfive,2,2,,,,,,,,,,,,,,,,,,,,,,0.315789474,,,,,,,,,,,,,,,
Castille,BR017-511,tenvsfive,2,3,0.962596676,0.749612807,0.723447405,0.789628602,1.134187918,0.955472799,1.084350147,0.80719544,0.76854773,0.915175995,1.0000399,1.133260373,,4.021747472,,0.714285714,1,1.6,1.095949143,1.490810911,0.93175682,0.4,0.681818182,1.285714286,1.5,,,,,,,,,,,,
Catana,BR017-512,tenvsfive,1,1,0.973777181,,,,,,,,,,,,,1.600581394,,0.807692308,,,,,,0.833333333,0.8,0.714285714,0.75,,,,,,,,,,,,
Catana,BR017-512,tenvsfive,2,2,0.963117297,0.857800291,0.627451778,0.806097818,0.916269282,0.908498551,0.937069284,0.787717063,0.823377508,0.838949172,0.931329137,1.003982986,,0.721508208,,0.739130435,1.068965517,2.142857143,1.112008073,1.992145515,0.929667907,0.866666667,0.72,0.5,0.5,,,,,,,,,,,,
Catana,BR017-512,tenvsfive,2,3,0.987764156,0.82389019,0.864921984,0.900134215,1.041956032,0.856221654,0.988023479,0.928593622,0.855483815,0.908105023,1.000039874,1.046238929,,1.335567574,,0.863636364,1.071428571,1.714285714,1.607944732,2.615969084,1.525981966,0.866666667,0.8,0.7,0.857142857,,,,,,,,,,,,
Chuanyou_2,BR017-513,tenvsfive,1,1,0.88616077,0.713817423,0.65770284,0.571983231,1.404535522,0.991047324,1.521591664,1.001129893,0.657631646,1.008974359,1.04181576,1.659722824,,,,0.444444444,0.794117647,2,0.759844055,0.724689363,0.362344682,,0.407407407,,,,,,,,,,,,,,
Chuanyou_2,BR017-513,tenvsfive,2,2,0.880177405,0.83445301,0.994635617,0.514534228,1.324216754,1.195342166,1.387846389,0.906373138,0.793010913,1.121232418,0.790909245,1.052065014,,0.601746436,,0.52,0.875,2,1.166294587,1.732138515,0.866069258,0.461538462,0.481481481,,,,,,,,,,,,,,
Chuanyou_2,BR017-513,tenvsfive,2,3,0.868945715,,,,,,,,,,,,,0.747670766,,0.607142857,,,,,,0.307692308,0.481481481,,,,,,,,,,,,,,
Dimension,BR017-514,tenvsfive,1,1,,,,,,,,,,,,,,,,1.259259259,,,,,,1.45,1.259259259,0.714285714,0.714285714,,,,,,,,,,,,
Dimension,BR017-514,tenvsfive,2,2,1.012581019,,,,,,,,,,,,,0.2859265,,1.035714286,,,,,,1.136363636,1.074074074,0.8,0.666666667,,,,,,,,,,,,
Dimension,BR017-514,tenvsfive,2,3,1.039984466,,,,,,,,,,,,,0.199957205,,1.2,,,,,,1.25,1.28,1.4,1,,,,,,,,,,,,
Excalibur,BR017-515,tenvsfive,1,1,1.000018689,,,,,,,,,,,,,1.000488084,,0.923076923,,,,,,1,1,1,0.75,,,,,,,,,,,,
Excalibur,BR017-515,tenvsfive,2,2,1.048379395,,,,,,,,,,,,,2.248002788,,1.130434783,,,,,,1.111111111,1.08,1,1.2,,,,,,,,,,,,
Excalibur,BR017-515,tenvsfive,2,3,0.975837844,,,,,,,,,,,,,2.504098176,,0.863636364,,,,,,0.722222222,0.8,1,1.5,,,,,,,,,,,,
Flash,BR017-516,tenvsfive,1,1,0.942212255,,,,,,,,,,,,,27.20786148,,0.791666667,,,,,,0.3,0.72,2.4,3.25,,,,,,,,,,,,
Flash,BR017-516,tenvsfive,2,2,1.035867629,,,,,,,,,,,,,0.62962788,,1.12,,,,,,1.222222222,1,0.555555556,0.857142857,,,,,,,,,,,,
Flash,BR017-516,tenvsfive,2,3,1.024268959,,,,,,,,,,,,,-15.24852761,,1,,,,,,1,1,1,1,,,,,,,,,,,,
Huron_x_Navajo,BR017-517,tenvsfive,1,1,1.023066322,0.754764115,0.710615095,1.16059742,1.120479632,1.160646897,1.205545393,0.677803884,0.69107094,0.894294294,1.000033328,0.91258458,,0.984249599,,1.148148148,1.210526316,1.333333333,0.734023904,0.941412232,0.706059174,1.08,1.185185185,2.5,2,,,,,,,,,,,,
Huron_x_Navajo,BR017-517,tenvsfive,2,2,1.057473012,,,,,,,,,,,,,0.568086269,,1.24,,,,,,1.35,1.454545455,2.5,0.8,,,,,,,,,,,,
Huron_x_Navajo,BR017-517,tenvsfive,2,3,1.028665457,0.599029805,0.814979547,1.201024663,1.409991367,1.402612383,1.34886805,0.575669993,0.620311634,0.875076173,1.271523963,1.450560695,,-0.53983782,,1.2,1.194444444,1.166666667,0.377210216,0.510310548,0.437409042,1.35,1.16,0.4,0.6,,,,,,,,,,,,
Inca_x_Contact,BR017-518,tenvsfive,1,1,1.034902044,0.892452319,0.707439431,1.189670143,0.970812631,0.870973358,0.992227533,0.932452287,0.861500756,0.911364872,1.008443592,0.889172948,,-0.525139418,,1.148148148,1.15,1.142857143,0.699634035,0.889112338,0.777973296,1.227272727,1.074074074,0.4,0.8,,,,,,,,,,,,
Inca_x_Contact,BR017-518,tenvsfive,2,2,1.023252294,0.891892434,0.816066793,1.114454532,0.972751128,1.014814443,1.012476877,0.789282044,0.842774737,0.923327896,1.000037036,0.899865614,,-0.142859655,,1.076923077,1.135135135,1.25,0.860140798,1.291924349,1.033539479,1.25,1.074074074,0.571428571,0.5,,,,,,,,,,,,
Inca_x_Contact,BR017-518,tenvsfive,2,3,1.024230384,,,,,,,,,,,,,-0.503016182,,1.12,,,,,,1.25,1.16,0.8,0.6,,,,,,,,,,,,
Ningyou_7,BR017-520,tenvsfive,1,1,0.960614386,,,,,,,,,,,,,-21.20165404,,0.666666667,,,,,,0.315789474,0.666666667,,,,,,,,,,,,,,
Ningyou_7,BR017-520,tenvsfive,2,2,0.86850626,,,,,,,,,,,,,1.000454497,,0.44,,,,,,0.352941176,0.407407407,,,,,,,,,,,,,,
Ningyou_7,BR017-520,tenvsfive,2,3,0.927753143,0.652216855,1.22103846,0.707670483,1.53983829,1.26205733,1.381031644,0.879856581,0.740588244,0.94687915,1.159501788,1.669031332,,2.711819148,,0.571428571,0.909090909,2.5,1.083196005,1.603729642,0.641491857,0.352941176,0.666666667,,,,,,,,,,,,,,
Palmedor,BR017-521,tenvsfive,1,1,1.000018679,0.901862206,1.061489981,1.043034759,0.983452832,0.961408205,1.005527538,0.88524716,0.874763375,0.91388102,1.000033579,1,,2.574406885,,0.923076923,1,1.166666667,0.768325648,0.706451331,0.605529712,0.9,1,1.4,1,,,,,,,,,,,,
Palmedor,BR017-521,tenvsfive,2,2,1.036406506,0.879562659,1.090807807,1.194484524,1.157528754,0.985570192,1.1615395,1.008541029,0.872260575,1.036363636,1.027644446,0.919854938,,2.902146295,,1.086956522,1.121212121,1.181818182,0.695222405,0.899762902,0.76133784,1,1,1,1.4,,,,,,,,,,,,
Palmedor,BR017-521,tenvsfive,2,3,1.023153116,0.798745982,0.737646427,1.096103913,0.905796844,0.785433173,0.935722146,0.773763685,0.74732515,0.814753189,0.89527532,0.739230588,,5.734160954,,1,1.1,1.333333333,0.862450207,1.254075135,0.940556351,0.833333333,1,1.428571429,1.75,,,,,,,,,,,,
POH_285_Bolko,BR017-522,tenvsfive,1,1,1.134367674,0.784609058,0.594436536,1.488691098,1.276570632,1.647673117,1.41295714,0.609308288,0.709198948,1,1.348816504,1.213589969,,-2.236580225,,1.483870968,1.347826087,1.0625,0.967283543,0.903537489,0.850388225,1.64,1.4375,0.714285714,0.833333333,,,,,,,,,,,,
POH_285_Bolko,BR017-522,tenvsfive,2,2,1.100521157,1.031497777,0.764747196,1.157995981,0.466708715,0.255798031,0.42166722,1.169976189,1.056030193,0.609148813,1.000035748,0.471442198,,2.212610183,,,,,,,,1.28,1.058823529,0.444444444,0.666666667,,,,,,,,,,,,
POH_285_Bolko,BR017-522,tenvsfive,2,3,1.161077059,1.019619266,0.819853906,1.532725135,0.840694362,0.865472996,0.880629415,0.916874328,0.958922911,0.902664492,1.195956773,0.7879893,,-1.807035581,,1.433333333,1.195652174,0.764705882,0.443924018,0.388262153,0.507727431,1.44,1.482758621,1.75,1.4,,,,,,,,,,,,
Quinta,BR017-523,tenvsfive,1,1,1.139093469,0.884903915,0.661578893,1.469533195,0.644114809,0.617425732,0.667743631,0.6024309,0.790833325,0.7302882,1.087797347,0.594462367,,0.413506138,,1.290322581,1,0.470588235,0.296036126,0.180154559,0.382828438,1.44,1.21875,0.428571429,0.666666667,,,,,,,,,,,,
Quinta,BR017-523,tenvsfive,2,2,1.079903068,1.064972691,1.109413661,1.338458583,1.012022973,1.171902112,1.042345305,0.92012407,1.034094273,1.077384523,1.000028591,0.769941487,,1.000682485,,1.346153846,1.571428571,2.1,0.492838615,1.32549629,0.631188709,1.318181818,1.333333333,1.4,1.5,,,,,,,,,,,,
Quinta,BR017-523,tenvsfive,2,3,1.082787739,0.807844413,0.828744794,1.361851915,0.942507324,1.171918709,0.932794388,0.572599699,0.796425243,0.829295775,1.11721175,0.861153731,,-1.623028405,,1.178571429,1.027777778,0.555555556,0.161478599,0.077241842,0.139035316,1.6,1.259259259,0.285714286,0.125,,,,,,,,,,,,
Rocket,BR017-524,tenvsfive,1,1,1.09273831,,,,,,,,,,,,,0.417277767,,1.259259259,,,,,,1.28,1.259259259,1,1,,,,,,,,,,,,
Rocket,BR017-524,tenvsfive,2,2,1.05740237,0.727797211,0.780506686,1.262621773,1.515029431,1.787095074,1.494509435,0.64081219,0.743638268,1.070430733,1.256256697,1.323875198,,0.261048696,,1.230769231,1.35483871,1.833333333,0.383011985,1.017018491,0.554737359,1.318181818,1.142857143,0.5,0.75,,,,,,,,,,,,
Rocket,BR017-524,tenvsfive,2,3,1.088098913,0.861886544,0.769474182,1.336037714,1.221258113,1.30805941,1.3332461,0.809739429,0.790536795,1.047266515,1.176153499,1.027881575,,0.510861907,,1.28,1.433333333,2,0.42136623,1.145172584,0.572586292,1.45,1.16,0,0.6,,,,,,,,,,,,
Shengliyoucai,BR017-526,tenvsfive,1,1,,,,,,,,,,0.875697211,,,,,,0.318181818,1,2.75,0.60330351,,,0.066666667,0.272727273,0.714285714,0.857142857,,,,,,,,,,,,
Shengliyoucai,BR017-526,tenvsfive,2,2,,,,,,,,,,,,,,,,0.315789474,,,,,,0.076923077,0.5,1.111111111,0.833333333,,,,,,,,,,,,
Shengliyoucai,BR017-526,tenvsfive,2,3,,,,,,,,,,0.891509434,,,,,,0.578947368,1,2,0.509433962,,,0.076923077,0.333333333,1,1.666666667,,,,,,,,,,,,
Temple,BR017-527,tenvsfive,1,1,1.023482435,0.873533768,0.788613452,1.140123433,1.070876678,1.495229905,1.331082171,0.622038914,0.701939535,0.939563863,1.000005819,0.940126667,,-2.769809291,,1.192307692,1.162162162,1.083333333,0.54240104,0.745898387,0.688521588,1.136363636,1.074074074,0.8,1.5,,,,,,,,,,,,
Temple,BR017-527,tenvsfive,2,2,1.095978633,0.488023521,0.768922646,1.382369658,2.207536099,1.731565904,2.294354237,0.64607824,0.473154538,1.047949965,1.453090773,1.527412523,,1.724210588,,1.28,1.75,2.666666667,0.35242262,0.6641994,0.249074775,1.35,1.36,1.4,1,,,,,,,,,,,,
Temple,BR017-527,tenvsfive,2,3,1.024239863,0.930352095,0.752316198,1.207312729,0.988989249,1.102368547,1.093668366,0.851615262,0.844886061,0.905305191,0.999981213,0.940742643,,-0.53012752,,1.12,1.179487179,1.266666667,0.63923469,0.876435336,0.691922634,1.25,1.08,0.4,0.6,,,,,,,,,,,,
Vision,BR017-528,tenvsfive,1,1,1.137617909,0.616826482,0.607781139,1.376864761,1.168417071,0.821530985,1.312780804,0.706751447,0.526363037,0.834692768,1.163647198,0.90022204,,-5.351080858,,1.483870968,1.527777778,1.666666667,0.203152364,0.305599091,0.183359455,1.28,1.34375,1.571428571,2.333333333,,,,,,,,,,,,
Vision,BR017-528,tenvsfive,2,2,,,,,,,,,,,,,,,,,,,,,,,,,,,,,,,,,,,,,
Vision,BR017-528,tenvsfive,2,3,,,,,,,,,,,,,,,,,,,,,,,,,,,,,,,,,,,,,
Xiangyou_15,BR017-529,tenvsfive,1,1,0.905624328,,,,,,,,,,,,,0.87725561,,0.518518519,,,,,,0.461538462,0.40625,,,,,,,,,,,,,,
Xiangyou_15,BR017-529,tenvsfive,2,2,0.94931094,1.22725789,0.898624273,0.729372269,0.680769912,0.92243982,1.099872359,0.861236593,0.751888229,0.867115738,0.769536258,0.78354114,,0.231602645,,0.736842105,1,1.5,1.238418983,1.668862723,1.112575149,0.846153846,0.65,0.285714286,0.5,,,,,,,,,,,,
Xiangyou_15,BR017-529,tenvsfive,2,3,0.960850245,0.662541348,0.552562198,0.762512747,1.020951005,0.648558151,1.041216674,0.857322644,0.624446011,0.780829924,0.817321919,0.832766619,,-4.714509786,,0.894736842,1,1.2,0.816411859,1.007637677,0.839698064,0.4,0.65,1.4,2.75,,,,,,,,,,,,
Zhongshuang_II,BR017-530,tenvsfive,1,1,0.925323311,0.977001841,0.790113443,0.623808364,0.974573542,0.970160742,1.046135606,0.892057425,0.894149339,1.009789157,0.887730232,1.02462668,,1.230393161,,0.518518519,0.742857143,1.444444444,1.036087834,1.297019936,0.897936879,0.461538462,0.382352941,,,,,,,,,,,,,,
Zhongshuang_II,BR017-530,tenvsfive,2,2,0.924594799,0.914928142,0.942546344,0.494757844,1.211389549,0.910202045,1.246740492,1.521053515,0.925280821,0.974378297,1.000046776,1.353565225,,1.271570641,,0.52,0.806451613,1.857142857,1.04790053,1.277498495,0.687883805,0.461538462,0.481481481,,,,,,,,,,,,,,
Zhongshuang_II,BR017-530,tenvsfive,2,3,0.913158435,1.03153538,1.474597103,0.70770895,1.185766278,1.544095738,1.270447317,1.099185539,1.012382682,1.060453401,0.811013511,0.984456241,,0.97955044,,0.535714286,0.806451613,2.75,0.939186758,1.424127041,0.517864378,0.461538462,0.481481481,,,,,,,,,,,,,,
Darmor_ET,BR017-531,tenvsfive,1,1,1.000017628,1.011543501,1.370689655,1.000049115,1.082928247,1.253488029,1.210048545,0.92193546,0.915822836,1.046511628,1.000070413,1.000079836,,3.83460019,,1.0625,0.727272727,0.291666667,0.854042322,0.260289559,0.892421345,1.074074074,1.0625,1,1,,,,,,,,,,,,
Darmor_ET,BR017-531,tenvsfive,2,2,1.010142236,1.577140764,1.456721279,1.034443887,1.005191052,1.372885854,1.526439277,1.300701206,1.064019446,1.451388889,1.000028577,0.969359191,,-0.45683536,,1.068965517,0.860465116,0.466666667,1.158925144,1.249133092,2.676713769,1.08,1.103448276,1.25,1,,,,,,,,,,,,
Darmor_ET,BR017-531,tenvsfive,2,3,1.05726781,0.802558497,0.954429788,1.171586488,1.168006697,1.255628518,1.20518619,0.741017446,0.776577391,0.943041691,1.00002865,0.83277104,,-6.567402526,,1.178571429,0.857142857,0.266666667,0.352339968,0.080694696,0.302605108,1.16,1.172413793,1.25,1.333333333,,,,,,,,,,,,
Express,BR017-532,tenvsfive,1,1,1.023451864,,,,,,,,,,,,,-0.270655929,,1.038461538,,,,,,1.25,1.08,0.4,0.333333333,,,,,,,,,,,,
Express,BR017-532,tenvsfive,2,2,1.000018181,,,,,,,,,,,,,1.000439901,,0.961538462,,,,,,1,1,1,0.833333333,,,,,,,,,,,,
Express,BR017-532,tenvsfive,2,3,1.012572933,0.933702606,1.052747949,1.081589482,0.882239052,0.805800502,0.871629308,0.981644292,0.936890111,0.852074236,1.000040182,0.939157914,,1.551880271,,1,1,1,0.500996102,0.440989602,0.440989603,1,0.925925926,0.714285714,1,,,,,,,,,,,,
