genotype_name,genotype_id,plant_id,location,treatment,rep,R01_raceme_start,R02_mean_rate,R03_max_rate,R04_DAS_of_max_rate,R05_main_ext_period,R06_50ht_period,R07_75ht_period,R08_50ht_rate,R09_75ht_rate,R10_max_height,R11_max_height_DAS,R12_extension_days_to_max,R13_raceme_collapse,R14_BBCH51_to_raceme_start,R15_elong_in_vern,F01_first_flowers_DAS,F02_peak_flowers_DAS,F03_flowering_days_to_peak,F06_pixel.day_peak,F07_pixel.days_to_peak,F09_mean_pixel.days_to_peak,Ground_BBCH51,Ground_BBCH60,Ground_60-51,Auto60-ground51,F04_total_flowering_days,F08_total_pixel.days,F05_flowering_finished,date of collapse,"Comments, warning",further comments
Matador,BR017-160,BR017-160111,1,1,1,86.07743056,107.3057131,155.6989792,89.08774306,11.24357655,4.249879886,7.960489146,128.121268,120.3757687,1655,109.0775231,23.00009259,0,3.07743056,0,91,97,7,9899,43255.5,6179.357143,83,90,7,8,20,126525.5,NO,0,0,0
LEMBKES_MALCHOWER_LENORA,BR017-108,BR017-108213,2,1,3,91.76607639,106.3511814,173.6285432,94.72295139,12.21613134,4.086430301,9.027625627,142.9120178,114.2050017,1788,106.7715278,15.00545139,0,1.76607639,0,94,102,9,6581,42926.5,4769.611111,90,95,5,4,45,142404,NO,0,0,0
GROENE_GRONINGER_SNIJMOES,BR017-218,BR017-218112,1,1,2,84.43967593,103.0408861,213.8749288,89.45061343,12.98610727,4.410119065,8.814409887,136.6176267,120.512889,1839,104.6335069,20.19383102,0,3.43967593,0,89,109,21,13376,202839,9659,81,90,9,8,21,202839,NO,0,0,0
Ramses,BR017-168,BR017-168111,1,1,1,85.19918981,102.3237065,178.9834275,87.19979167,12.83280332,3.891771437,8.888447569,148.3900094,116.6964188,1839,103.5972222,18.39803241,0,2.19918981,0,89,97,9,10007,63948.5,7105.388889,83,90,7,6,21,142684,YES,0,0,0
Express,BR017-532,BR017-532212,2,1,2,86.57824074,101.0537754,158.0604124,88.6790625,13.07323743,4.245832554,9.002176546,137.8999272,116.1108088,1839,105.4540162,18.87577546,0,3.57824074,0,89,96,8,8893,37788.5,4723.5625,83,90,7,6,18,111899.5,NO,0,0,0
MADRIGAL_x_RECITAL_DH_LINE,BR017-097,BR017-097213,2,1,3,82.85732639,100.9196048,161.9277108,85.86134259,13.55633529,4.873006028,9.78615522,129.7966792,111.6117592,1839,100.8527431,17.99541667,0,-0.14267361,0,87,94,8,13872,64206.5,8025.8125,83,88,5,4,20,157059.5,NO,0,0,0
Wilhelmsburger,BR017-448,BR017-448212,2,1,2,88.79418981,99.81200943,156.3782526,94.69319444,13.13569387,5.51851694,9.427186217,104.2852647,109.8153761,1839,105.5852431,16.79105324,0,-1.20581019,0,96,105,10,11623,55660,5566,90,97,7,6,11,65745,NO,0,0,0
MADRIGAL_x_RECITAL_DH_LINE,BR017-097,BR017-097111,1,1,1,85.14969907,99.52341682,161.9700056,87.15030093,13.09340095,4.243420782,9.217915564,133.7364426,111.4405955,1839,102.7328241,17.583125,0,2.14969907,0,89,97,9,14519,80481.5,8942.388889,83,90,7,6,22,187240.5,NO,0,0,0
Express,BR017-532,BR017-532213,2,1,3,84.93498843,98.369614,141.3249211,86.9919213,13.89453455,5.163043331,9.826976039,122.795793,111.1226888,1832,102.460625,17.52563657,0,1.93498843,0,88,102,15,11545,100889,6725.933333,83,90,7,5,15,100889,NO,0,0,0
Capitol,BR017-028,BR017-028111,1,1,1,85.07427083,96.94671801,149.9982639,87.07429398,13.66008079,4.497353551,9.47736532,134.6347342,111.2914786,1797,102.6568287,17.58255787,0,2.07427083,0,91,102,12,12408,115955.5,9662.958333,83,90,7,8,20,174218.5,NO,0,0,0
RAFAL_DH1,BR017-098,BR017-098213,2,1,3,86.83813657,96.86787186,153.5239937,88.86616898,13.5865481,4.172447917,9.287713671,139.1269613,112.0028068,1839,105.7299421,18.89180556,0,-1.16186343,0,91,99,9,19116,108982.5,12109.16667,88,90,2,3,16,189102,NO,0,0,0
MADRIGAL_x_RECITAL_DH_LINE,BR017-097,BR017-097112,1,1,2,84.42394676,96.73253829,147.9229568,86.42466435,13.27474728,4.339304134,9.432021722,126.4027556,106.8964883,1839,104.6177315,20.19378472,0,1.42394676,0,89,95,7,16665,77157,11022.42857,83,88,5,6,21,181710,NO,0,0,0
Coriander,BR017-137,BR017-137111,1,1,1,85.09318287,96.11416402,159.9759295,87.09334491,13.40177083,4.110483203,9.57297146,134.4124213,105.7404176,1839,102.6756597,17.58247685,0,4.09318287,0,89,97,9,14580,64547,7171.888889,81,90,9,8,22,172540,NO,0,0,0
Cabriolet,BR017-510,BR017-510213,2,1,3,83.98798611,96.09904781,192.807571,86.98876157,13.87006459,4.136056185,9.0832401,148.0879303,117.0012009,1801,102.4574537,18.46946759,0,0.98798611,0,88,94,7,9634,42552,6078.857143,83,90,7,5,15,104385.5,NO,0,0,0
ABUKUMA_NATANE,BR017-213,BR017-213111,1,1,1,86.05221065,95.83400358,162.2228997,91.45428241,10.74462051,4.412692329,7.512285137,97.10624898,107.0579704,1503,109.0522222,23.00001157,0,1.05221065,0,91,97,7,9195,22855,3265,85,92,7,6,37,75960,NO,0,0,0
GROENE_GRONINGER_SNIJMOES,BR017-218,BR017-218213,2,1,3,84.73222222,95.06691312,174.6984572,86.7171875,13.59147949,3.909588353,8.883938123,142.3423516,114.3918368,1839,102.1573611,17.42513889,0,1.73222222,0,88,95,8,11899,51755.5,6469.4375,83,90,7,5,19,152574,NO,0,0,0
Inca_x_Contact,BR017-518,BR017-518212,2,1,2,85.63273148,94.90055348,185.2615647,88.72346065,14.23700864,4.090618369,9.288254836,150.4662485,115.7644809,1839,105.5018634,19.86913194,0,2.63273148,0,89,100,12,14915,102840,8570,83,90,7,6,18,171338,NO,0,0,0
CANBERRA_x_COURAGE_DH_LINE,BR017-093,BR017-093213,2,1,3,85.81461806,94.38712741,180.1605598,87.80417824,12.66592207,3.522614501,8.425554394,154.8565703,112.9599259,1625,105.6967361,19.88211806,0,0.81461806,0,89,106,18,8810,96557,5364.277778,85,90,5,4,18,96557,NO,0,0,0
Quinta,BR017-523,BR017-523213,2,1,3,84.89540509,93.87723117,158.1739181,87.87940972,13.24602339,4.029188806,9.196869677,132.4087864,106.258981,1775,102.3207523,17.42534722,0,1.89540509,0,91,99,9,10280,59605,6622.777778,83,90,7,8,16,96902.5,NO,0,0,0
Capitol,BR017-028,BR017-028213,2,1,3,84.78572917,93.34904309,178.7043096,86.77042824,12.01512049,3.157383369,7.299725677,153.2914896,120.894954,1594,106.8183565,22.03262731,0,1.78572917,0,89,102,14,8175,72512,5179.428571,83,90,7,6,18,102755,NO,0,0,0
LICROWN_X_EXPRESS_DH_LINE,BR017-105,BR017-105111,1,1,1,86.0805787,92.82812946,149.2331076,89.0908912,12.88294838,4.182481376,8.642513369,127.0776729,109.5456795,1661,110.0805903,24.00001157,0,3.0805787,0,91,95,5,8368,25248,5049.6,83,90,7,8,20,126399,NO,0,0,0
Slovenska_Krajova,BR017-172,BR017-172213,2,1,3,86.84900463,92.51874944,161.1846908,87.8478588,14.32250228,4.389053988,9.726780051,134.3114032,107.872286,1839,105.740787,18.89178241,0,1.84900463,0,91,102,12,11127,101656,8471.333333,85,90,5,6,27,212359,NO,0,0,0
Capitol,BR017-028,BR017-028112,1,1,2,85.42729167,91.25191182,169.0508718,87.42751157,,,,,,,,,1,2.42729167,0,91,96,6,10013,38926,6487.666667,83,90,7,8,19,137873.5,NO,97,0,Collapse post peak flowering - data left
HANSEN_X_GASPARD_DH_LINE,BR017-096,BR017-096213,2,1,3,84.81719907,91.15154095,165.1490929,87.80103009,14.98713007,4.859519854,10.66627386,129.7453285,102.2147016,1839,105.693588,20.87638889,0,-0.18280093,0,88,100,13,8947,86735,6671.923077,85,90,5,3,19,128100,NO,0,0,0
Huron_x_Navajo,BR017-517,BR017-517213,2,1,3,85.94597222,91.01005483,131.1675542,88.4080787,13.11833074,4.622353099,9.31940194,116.2827652,101.69644,1641,106.9846759,21.0387037,0,2.94597222,0,88,99,12,7635,58847.5,4903.958333,83,88,5,5,31,124367,NO,0,0,0
Coriander,BR017-137,BR017-137112,1,1,2,84.47847222,89.94518555,146.8996866,86.47922454,14.17641191,4.348929942,9.771326407,124.0535045,102.2634961,1839,109.5957176,25.11724537,0,3.47847222,0,89,97,9,16068,90299.5,10033.27778,81,90,9,8,21,163516.5,NO,0,0,0
Rocket,BR017-524,BR017-524212,2,1,2,87.66313657,89.77978056,161.3663588,89.66293981,13.44623469,3.852770662,9.02203836,134.9678051,105.2422925,1718,106.7115046,19.04836806,0,2.66313657,0,89,94,6,9595,27499.5,4583.25,85,91,6,4,18,123234.5,NO,0,0,0
GROENE_GRONINGER_SNIJMOES,BR017-218,BR017-218111,1,1,1,84.14046296,89.53026383,156.9346106,86.14064815,14.5738429,4.671856533,9.844122007,123.2914572,104.7833417,1822,102.7234144,18.58295139,0,1.14046296,0,89,102,14,13496,118405.5,8457.535714,83,90,7,6,22,223178.5,NO,0,0,0
CANARD,BR017-185,BR017-185213,2,1,3,87.78524306,89.51502088,156.0411775,89.78527778,13.67591705,4.409362386,9.56532665,114.5290307,99.78749654,1798,106.8340741,19.04883102,0,-0.21475694,0,91,98,8,7278,40044.5,5005.5625,88,92,4,3,16,86830,NO,0,0,0
ABUKUMA_NATANE,BR017-213,BR017-213213,2,1,3,85.71430556,89.45267431,197.9339842,88.80502315,15.05265226,4.066844799,9.24771412,152.575284,116.1638418,1815,106.7526389,21.03833333,0,2.71430556,0,88,98,11,10855,71861,6532.818182,83,90,7,5,39,147423.5,NO,0,0,0
HUGUENOT,BR017-410,BR017-410212,2,1,2,85.65788194,89.22891955,163.455778,88.74864583,14.75418515,4.585186727,9.415642496,129.6566608,111.065177,1805,106.6957755,21.03789352,0,0.65788194,0,89,100,12,10053,64733.5,5394.458333,85,92,7,4,30,191806,NO,0,0,0
Cabriolet,BR017-510,BR017-510212,2,1,2,83.58140046,89.21137545,,87.58136574,14.69767721,4.712807472,10.01520255,126.4638973,104.1416781,1788,102.5398264,18.95842593,0,2.58140046,0,88,96,9,14105,78111.5,8679.055556,81,88,7,7,19,157446,NO,0,0,0
Quinta,BR017-523,BR017-523111,1,1,1,86.29072917,88.50302344,153.4981483,90.68894676,15.04016415,5.909589257,10.52795923,100.7684247,100.233101,1839,106.4750116,20.18428241,0,-1.70927083,0,94,110,17,9965,99509,5853.470588,88,95,7,6,17,99509,NO,0,0,0
Ceska_Krajova,BR017-274,BR017-274111,1,1,1,83.27472222,88.39389497,133.8992656,86.27489583,10.36496921,3.339423983,7.145132951,112.8937212,99.92816158,1348,103.6724769,20.39775463,0,0.27472222,0,89,95,7,20211,80551,11507.28571,83,90,7,6,15,132017.5,YES,0,0,0
HUGUENOT,BR017-410,BR017-410213,2,1,3,85.95857639,87.28773228,128.4430479,92.04873843,13.46351852,4.478552819,8.948047878,109.8569158,102.7039654,1708,106.9973148,21.03873843,0,2.95857639,0,92,102,11,9450,86477,7861.545455,83,90,7,9,18,130635.5,NO,0,0,0
Matador,BR017-160,BR017-160112,1,1,2,86.49810185,87.04386737,172.1135356,89.50806713,14.82126242,3.678673574,8.48484141,150.7336786,119.5367068,1839,109.6145949,23.11649306,0,3.49810185,0,91,109,19,15468,193703.5,10194.92105,83,90,7,8,19,193703.5,NO,0,Split Meristem,0
Cabriolet,BR017-510,BR017-510111,1,1,1,84.26359954,86.77874155,143.013242,87.26391204,14.56116991,4.206722222,9.487762318,128.8414046,104.6611379,1804,106.4484028,22.18480324,0,1.26359954,0,89,95,7,11347,45497,6499.571429,83,90,7,6,22,141566.5,NO,0,0,0
Taisetsu,BR017-203,BR017-203213,2,1,3,87.73201389,86.53678158,190.3059187,89.731875,11.96716565,2.822008168,7.35925473,150.9563313,109.657843,1524,106.7809491,19.04893519,0,-0.26798611,0,92,105,14,13769,102340,7310,88,92,4,4,15,113726,NO,0,0,0
Coriander,BR017-137,BR017-137213,2,1,3,82.73466435,86.21406272,141.7118396,83.7296412,15.60186305,6.187837947,11.76938511,98.49967068,90.85011579,1839,102.1699884,19.43532407,0,1.73466435,0,87,94,8,12405,49804,6225.5,81,88,7,6,20,131420.5,NO,0,0,0
Ceska_Krajova,BR017-274,BR017-274213,2,1,3,83.97712963,86.0242752,149.1142758,85.98728009,11.35493438,3.150408255,7.543714151,125.6979947,100.6135684,1452,102.4465278,18.46939815,0,5.97712963,0,88,96,9,16100,96132,10681.33333,78,88,10,10,15,124703.5,NO,0,0,0
Duplo,BR017-275,BR017-275212,2,1,2,78.58548611,85.13680324,148.3664403,81.59775463,16.03419377,5.264821544,11.360868,119.5672056,95.87735727,1839,99.55311343,20.96762731,0,2.58548611,0,84,92,9,29757,127107.5,14123.05556,76,85,9,8,23,278033.5,NO,0,0,0
Xiangyou_15,BR017-529,BR017-529213,2,1,3,76.95225694,84.80730455,202.0536806,79.94545139,15.06827751,5.558376764,10.74326716,106.7757774,95.05953681,1711,106.9878356,30.0355787,0,-1.04774306,0,82,91,10,23678,104547.5,10454.75,78,83,5,4,28,229577.5,NO,0,0,0
RAFAL_DH1,BR017-098,BR017-098112,1,1,2,87.44953704,84.48019281,156.3332178,91.56452546,13.34158887,4.247860395,9.286891447,114.7636586,95.53788854,1599,109.5659606,22.11642361,0,-0.55046296,0,91,99,9,13246,74569,8285.444444,88,92,4,3,19,147845.5,NO,0,0,0
Apex,BR017-040,BR017-040213,2,1,3,85.73636574,84.35763788,154.3603001,88.82704861,15.96298846,5.230930907,11.08014908,119.4816011,97.11060674,1804,106.7746759,21.03831019,0,0.73636574,0,89,100,12,11533,84142,7011.833333,85,90,5,4,30,210972.5,NO,0,0,0
Palmedor,BR017-521,BR017-521213,2,1,3,82.03489583,84.10889359,147.8831913,83.93268519,15.33369356,4.711613225,9.665882634,120.6593098,105.4482077,1803,106.9815046,24.9466088,0,1.03489583,0,85,93,9,12301,49231.5,5470.166667,81,88,7,4,25,173561.5,NO,0,0,0
Slovenska_Krajova,BR017-172,BR017-172111,1,1,1,86.14380787,83.04732164,144.541533,90.82854167,16.11250036,5.679369213,11.31734592,106.0857249,93.86034569,1839,109.4031366,23.2593287,0,3.14380787,0,90,101,12,11692,83794.5,6982.875,83,90,7,7,29,242855.5,NO,0,0,0
LEMBKES_MALCHOWER_LENORA,BR017-108,BR017-108111,1,1,1,91.47322917,82.6450871,150,95.0712037,16.16672021,6.110597157,12.04981191,98.27190119,87.98892526,1839,117.8646065,26.39137731,0,1.47322917,0,97,102,6,6328,20358,3393,90,95,5,7,48,156198,NO,0,0,0
Catana,BR017-512,BR017-512213,2,1,3,81.00630787,82.50486065,153.960471,84.00689815,15.14819842,4.274991898,9.831475493,128.421296,100.3918487,1752,102.476412,21.47010417,0,3.00630787,0,85,91,7,14475,38167.5,5452.5,78,88,10,7,18,107602.5,NO,0,0,0
POH_285_Bolko,BR017-522,BR017-522212,2,1,2,89.65981481,81.66739258,136.0613931,94.66021991,14.39130065,5.693891011,10.8421179,85.0911967,84.50839665,1727,106.7083681,17.04855324,0,1.65981481,0,94,100,7,5287,24398.5,3485.5,88,97,9,6,13,47994.5,NO,0,0,0
Palmedor,BR017-521,BR017-521212,2,1,2,82.58056713,81.57500291,124.6811284,83.57510417,14.20778374,4.572943446,9.202698688,109.1200899,99.04703293,1650,105.4508449,22.87027778,0,1.58056713,0,86,96,11,14568,89203.5,8109.409091,81,88,7,5,21,173222.5,NO,0,0,0
Dippes,BR017-139,BR017-139111,1,1,1,87.1471412,81.22540189,172.0187482,90.83167824,16.41235339,5.709639905,11.03635365,104.6475802,95.79703888,1839,109.4062963,22.25915509,0,-0.8528588,0,94,100,7,10473,55909.5,7987.071429,88,92,4,6,17,137833.5,NO,0,0,0
Zhouyou,BR017-237,BR017-237213,2,1,3,83.90924769,81.14667807,114.0600722,86.91006944,11.79222641,3.805846082,7.942142743,93.67168098,92.13508541,1501,99.91081019,16.0015625,0,5.90924769,0,91,93,3,16873,37819.5,12606.5,78,90,,,19,123439,NO,0,"Main Stem Aborted, branch BBCH51 83",0
Inca_x_Contact,BR017-518,BR017-518111,1,1,1,86.30337963,80.90027511,165.6125163,89.31395833,16.62664309,5.091537621,10.57193856,119.7084349,101.140391,1839,109.9085185,23.60513889,0,1.30337963,0,90,103,14,10930,99948,7139.142857,85,90,5,5,21,159218,NO,0,0,0
Catana,BR017-512,BR017-512212,2,1,2,81.62921296,80.83367732,161.8843683,83.58454861,15.19045082,4.367360771,10.07631374,120.7823277,95.79396042,1751,105.4603241,23.83111111,0,3.62921296,0,86,92,7,14865,54427.5,7775.357143,78,88,10,8,21,163392,NO,0,0,0
Ramses,BR017-168,BR017-168213,2,1,3,84.78887731,80.70850897,169.1546669,87.77266204,16.46790428,4.040492805,10.54016242,146.888023,99.92730268,1839,106.8214931,22.03261574,0,1.78887731,0,87,94,8,8197,41164.5,5145.5625,83,88,5,4,20,125707,NO,0,0,0
Chuanyou_2,BR017-513,BR017-513111,1,1,1,81.55283565,80.35069305,159.8778711,86.28755787,12.53256147,4.522059896,8.497503137,84.69591488,90.96789816,1560,97.83313657,16.28030093,1,5.55283565,0,90,97,8,12825,44867.5,5608.4375,76,90,,,21,111617.5,NO,0,"Main Stem Aborted, branch BBCH51 83",0
Rocket,BR017-524,BR017-524213,2,1,3,85.92391204,80.26821203,151.5527169,88.38605324,15.80202135,4.712285595,10.385625,120.1115655,96.76836974,1756,109.7428241,23.81891204,0,2.92391204,0,88,93,6,11916,38561,6426.833333,83,88,5,5,31,186167,NO,0,0,0
Expert,BR017-055,BR017-055112,1,1,2,86.37123843,80.22850827,162.1209069,89.38170139,14.74039622,3.484235766,9.155179266,148.3826109,101.9095282,1664,106.5552894,20.18405093,0,1.37123843,0,89,98,10,11830,87001,8700.1,85,92,7,4,22,178535.5,NO,0,0,0
Duplo,BR017-275,BR017-275111,1,1,1,79.36572917,80.22614339,138.0548576,82.10017361,16.38867263,5.001767084,11.05997618,117.1585942,94.16837637,1822,104.6863773,25.32064815,0,1.36572917,0,84,92,9,28482,117599,13066.55556,78,85,7,6,27,311621.5,NO,0,0,0
APEX-93_5_X_GINYOU_3_DH_LINE,BR017-090,BR017-090111,1,1,1,85.19288194,80.06071289,138.2758124,89.20396991,13.22871058,3.573556634,8.341590748,119.6287183,98.57232569,1579,110.1933102,25.00042824,0,4.19288194,0,89,110,22,15615,164967,7498.5,81,90,9,8,22,164967,NO,0,0,0
Baltia,BR017-133,BR017-133213,2,1,3,85.8177662,79.70888539,160.144575,87.80731481,16.01828948,4.906270477,11.28237213,115.7702174,89.60881531,1772,106.8560995,21.03833333,0,2.8177662,0,88,99,12,6350,37205.5,3100.458333,83,90,7,5,31,107685.5,NO,0,0,0
Taisetsu,BR017-203,BR017-203111,1,1,1,87.15659722,79.66288135,157.6914834,90.84106481,15.64844227,5.259367477,10.15543837,100.5824374,96.25384593,1794,110.1563079,22.99971065,0,-0.84340278,0,94,101,8,12819,51719.5,6464.9375,88,95,7,6,25,164837.5,NO,0,0,0
HANSEN_X_GASPARD_DH_LINE,BR017-096,BR017-096112,1,1,2,86.3759838,79.58123834,156.6514712,89.38642361,16.94746184,5.173713121,11.38549638,118.9667818,94.30858037,1833,110.3753819,23.99939815,0,-1.6240162,0,90,99,10,9045,62802,6280.2,88,90,2,2,21,151694,NO,0,0,0
HUGUENOT,BR017-410,BR017-410111,1,1,1,86.34434028,79.54386423,163.8645618,90.59982639,17.02456894,5.34115342,10.78330064,116.6414725,100.1548632,1828,110.3439468,23.99960648,0,-1.65565972,0,92,100,9,10425,63347,7038.555556,88,93,5,4,27,181487,NO,0,0,0
APEX-93_5_X_GINYOU_3_DH_LINE,BR017-090,BR017-090112,1,1,2,82.17983796,79.4903867,119.9750052,85.43358796,12.74619538,4.052321611,8.783501723,107.0991006,90.62444855,1448,100.4342361,18.25439815,0,1.17983796,0,85,94,10,32176,142009,14200.9,81,85,4,4,16,215927,YES,0,0,0
Huron_x_Navajo,BR017-517,BR017-517111,1,1,1,87.23135417,79.47875655,154.7918903,90.77296296,15.2808128,5.46462875,10.24337504,100.3727838,94.18282513,1665,110.2310995,22.99974537,0,-0.76864583,0,90,101,12,6275,41792,3482.666667,88,90,2,2,21,90882.5,NO,0,0,0
EUROL,BR017-101,BR017-101111,1,1,1,87.12822917,79.33106473,125.4190659,90.81290509,16.70341882,6.415151463,11.57732256,91.89182881,90.62976302,1839,109.3873843,22.25915509,0,-0.87177083,0,94,109,16,7467,85874,5367.125,88,92,4,6,17,91747,NO,0,0,0
Chuanyou_2,BR017-513,BR017-513212,2,1,2,83.5656713,79.12957827,125.7310602,85.57601852,13.22767065,4.025437296,8.703240623,111.6648868,94.53375308,1493,105.4413657,21.87569444,1,7.5656713,0,88,95,8,20157,78143,9767.875,76,90,,,19,174756,NO,0,"Main Stem Aborted, branch BBCH51 85",0
Dippes,BR017-139,BR017-139112,1,1,2,86.50125,79.09276007,174.3899334,91.42071759,17.053394,5.011633273,11.4113839,122.9140215,94.11654267,1832,109.6177431,23.11649306,0,3.50125,0,92,100,9,10202,67317,7479.666667,83,92,9,9,18,129438.5,NO,0,0,0
ERGLU,BR017-263,BR017-263213,2,1,3,81.00315972,78.35570852,135.6627692,83.00998843,14.53116846,4.007157544,9.571174421,118.0387831,92.88306334,1664,102.4732639,21.47010417,0,3.00315972,0,84,93,10,21905,114777.5,11477.75,78,85,7,6,19,214910,NO,0,Purple Stem,0
Ningyou_7,BR017-520,BR017-520213,2,1,3,82.92604167,78.13349059,120.1177625,86.92091435,11.88222865,3.753442947,8.232017373,86.85359139,85.33752641,1506,100.9218287,17.99578704,0,2.92604167,0,91,96,6,20025,92314.5,15385.75,80,90,,,12,165796,YES,0,"Main Stem Aborted, branch BBCH51 83",0
Darmor_ET,BR017-531,BR017-531213,2,1,3,87.86365741,77.80089495,145.9997542,91.90643519,15.86999739,3.82702399,9.508240353,144.6293521,102.9896136,1703,117.943287,30.07962963,0,-0.13634259,0,91,105,15,9295,98172.5,6544.833333,88,92,4,3,27,185886.5,NO,0,0,0
Expert,BR017-055,BR017-055213,2,1,3,83.71052083,77.77648082,163.1491758,87.7099537,16.51527539,4.894301939,10.83701139,119.833228,94.37565054,1745,105.6024074,21.89188657,0,2.71052083,0,86,94,9,13118,66746.5,7416.277778,81,88,7,5,21,197191,NO,0,0,0
Samourai,BR017-113,BR017-113213,2,1,3,84.86078704,77.67111577,219.600081,88.87385417,16.54282918,4.610529849,10.33263383,126.775017,98.93411663,1751,106.8933218,22.03253472,0,1.86078704,0,88,105,18,11220,95011,5278.388889,83,90,7,5,19,105515,NO,0,0,0
Vision,BR017-528,BR017-528213,2,1,3,86.00444444,77.45146788,142.1321719,88.95099537,16.69561644,4.514600568,10.20714714,123.4882226,99.66056002,1839,109.823206,23.81876157,0,3.00444444,0,91,109,19,7808,106460.5,5603.184211,83,90,7,8,36,162414.5,NO,0,0,0
Bronowski,BR017-273,BR017-273111,1,1,1,81.50325231,77.13327551,133.7960595,83.23773148,16.68929514,4.951532103,10.55310975,112.3894561,96.01435254,1827,103.6349884,22.13173611,0,3.50325231,0,87,95,9,12090,68463,7607,78,88,10,9,24,149190.5,NO,0,Purple Stem,0
HANSEN_X_GASPARD_DH_LINE,BR017-096,BR017-096111,1,1,1,86.15326389,76.88893774,133.1996765,90.83792824,17.29897745,6.278885154,11.9469411,94.68241342,88.24434567,1839,109.4126042,23.25934028,0,1.15326389,0,94,99,6,10115,46163,7693.833333,85,92,7,9,17,140367,NO,0,0,0
STELLAR_DH,BR017-239,BR017-239213,2,1,3,80.01670139,76.85655422,154.1148353,81.00946759,15.98041979,4.537874377,10.79449624,118.3373437,89.76796862,1728,102.4795602,22.4628588,0,2.01670139,1,85,96,12,21220,127588,10632.33333,78,88,10,7,18,177360.5,NO,0,0,Elongated in vern
Baltia,BR017-133,BR017-133112,1,1,2,87.37875,76.4658892,142.1937907,90.63436343,18.13880692,6.719731867,13.11752454,98.66465107,85.03891085,1810,110.3785301,22.99978009,0,-0.62125,0,92,110,19,6481,84047,4423.526316,88,92,4,4,19,84047,NO,0,0,0
CANARD,BR017-185,BR017-185111,1,1,1,87.06798611,76.45200113,148.8429712,91.47005787,15.51561741,5.091333381,10.38181958,97.22403995,89.29070597,1728,109.068044,22.00005787,0,2.06798611,0,91,97,7,6659,23950,3421.428571,85,92,7,6,20,92082,NO,0,0,0
NORIN,BR017-109,BR017-109213,2,1,3,91.75668981,76.38556853,137.6166547,95.74534722,17.3344262,4.941811958,11.05431069,119.0858748,94.82726051,1839,117.9956713,26.23898148,0,1.75668981,0,94,102,9,5669,33899,3766.555556,90,95,5,4,33,101712,NO,0,0,0
RAFAL_DH1,BR017-098,BR017-098111,1,1,1,87.12506944,76.24828,177.9731663,90.80976852,17.53613327,5.741657135,11.23755006,104.7606964,94.43784406,1839,110.1248148,22.99974537,0,-0.87493056,0,94,100,7,20217,90190.5,12884.35714,88,92,4,6,17,204855.5,NO,0,0,0
Duplo,BR017-275,BR017-275213,2,1,3,78.97675926,75.12594282,188.130087,83.94527778,16.11028034,4.774503831,11.02035164,107.9693342,86.18146057,1737,100.9470486,21.97028935,0,0.97675926,0,83,93,11,26865,145816,13256,78,83,5,5,27,240163,NO,0,0,0
Temple,BR017-527,BR017-527212,2,1,2,84.53800926,74.84042224,137.3994387,86.62115741,13.14931117,3.369578598,7.9620379,121.2317766,96.48911618,1439,106.6692245,22.13121528,0,1.53800926,0,88,99,12,15314,114904.5,9575.375,83,88,5,5,33,226875,YES,0,0,0
CANARD,BR017-185,BR017-185112,1,1,2,87.45268519,74.49879375,111.1914072,91.56767361,17.33182425,6.737061241,12.28944627,84.90348827,83.12009975,1798,109.5690972,22.11641204,0,-0.54731481,0,94,100,7,7411,36949,5278.428571,88,95,7,6,16,88193.5,NO,0,0,0
Ramses,BR017-168,BR017-168112,1,1,2,86.48552083,74.38393664,169.1279341,89.49549769,16.84772354,3.593100604,10.25108207,150.8446491,96.23374325,1778,109.6020139,23.11649306,0,5.48552083,0,89,95,7,8634,43393.5,6199.071429,81,90,9,8,21,126085,NO,0,0,0
EUROL,BR017-101,BR017-101112,1,1,2,89.520625,73.56009573,146.2266328,94.51045139,17.00786259,5.633310372,12.05027516,91.50924873,80.93176191,1839,117.8614468,28.34082176,0,-0.479375,0,94,100,7,6484,28492,4070.285714,90,95,5,4,25,107246.5,NO,0,0,0
Castille,BR017-511,BR017-511213,2,1,3,79.98831019,72.87404126,133.1569552,81.88228009,17.34087994,5.693716216,11.73386513,100.1981796,85.54299789,1733,102.4511227,22.4628125,0,1.98831019,0,84,93,10,13528,75279.5,7527.95,78,85,7,6,19,125184,NO,0,0,0
Zhouyou,BR017-237,BR017-237212,2,1,2,82.64364583,72.68006966,107.0882346,86.63828704,15.31506512,4.553891754,9.118261357,96.9500427,94.45331366,1679,102.0788889,19.43524306,0,6.64364583,0,87,94,8,18667,75632.5,9454.0625,76,88,,,20,157148.5,NO,0,"Main Stem Aborted, branch BBCH51 83",0
Palmedor,BR017-521,BR017-521111,1,1,1,84.27131944,72.55300711,131.9022946,86.27172454,17.04271193,4.583490368,10.64250993,115.741489,91.30834798,1765,109.8771065,25.60578704,0,1.27131944,0,89,100,12,12578,97336.5,8111.375,83,88,5,6,22,187990.5,NO,0,0,0
BRAUNER_SCHNITTKOHL,BR017-206,BR017-206112,1,1,2,87.44638889,72.42991307,143.0274765,91.56138889,18.32254028,6.074506028,12.70638493,97.37417285,82.73399601,1839,117.7487963,30.30240741,0,-2.55361111,0,94,118,25,8945,155771,6230.84,90,95,5,4,25,155771,NO,0,0,0
Baltia,BR017-133,BR017-133111,1,1,1,86.12173611,72.33431251,139.7808727,89.13221065,19.2038875,6.54892539,13.35675031,99.78736374,83.34736924,1839,110.1216551,23.99991898,0,3.12173611,0,94,99,6,9094,37069,6178.166667,83,92,9,11,25,169516,NO,0,0,0
POH_285_Bolko,BR017-522,BR017-522111,1,1,1,89.23871528,72.32466607,114.4960613,94.22847222,17.18777379,6.296954422,12.37301555,80.59451697,78.17415216,1839,110.2279514,20.98923611,0,1.23871528,0,94,109,16,6052,65979,4123.6875,88,95,7,6,33,141359.5,NO,0,0,0
Dippes,BR017-139,BR017-139213,2,1,3,85.77681713,70.79269151,161.6608372,88.99733796,15.12020488,3.414830775,7.286016773,128.8497232,114.4658359,1576,106.8152083,21.0383912,0,0.77681713,0,91,96,6,11897,44304,7384,85,90,5,6,16,138704,NO,0,0,0
POH_285_Bolko,BR017-522,BR017-522213,2,1,3,86.93037037,70.73538861,112.3105957,93.5078588,17.82841693,7.20032367,12.92105358,72.98283023,76.25152187,1839,109.758588,22.82821759,0,-1.06962963,0,93,109,17,7686,93518,5501.058824,88,92,4,5,26,141801.5,NO,0,0,0
SWU_Chinese_1,BR017-229,BR017-229112,1,1,2,74.57501157,70.71310684,119.7462275,77.50733796,15.08631211,5.500347946,10.56643029,85.4491397,79.78096453,1492,102.6077662,28.03275463,0,-1.42498843,0,82,91,10,35761,162908,16290.8,76,81,5,6,28,279210.5,NO,0,0,0
Expert,BR017-055,BR017-055111,1,1,1,86.13748843,70.58898683,179.5751051,89.14798611,16.41899186,3.732536965,10.64762188,133.6892319,85.60597004,1650,109.3968403,23.25935185,1,3.13748843,0,89,101,13,13528,101544,7811.076923,83,88,5,6,22,186651,NO,0,0,0
Ningyou_7,BR017-520,BR017-520111,1,1,1,81.55914352,70.38882083,150.0486269,85.29311343,16.22700859,5.02042328,10.40223516,98.59726409,86.4718002,1618,106.4781713,24.91902778,1,-0.44085648,0,90,97,8,26084,131635.5,16454.4375,82,90,,,21,220276.5,NO,0,"Main Stem Aborted, branch BBCH51 88",0
Shengliyoucai,BR017-526,BR017-526111,1,1,1,79.35943287,69.7798984,85.36918701,83.34725694,11.65808519,4.159440039,8.591745699,74.88988831,72.7733364,1255,106.5316551,27.17222222,0,1.35943287,1,85,92,8,21795,82059.5,10257.4375,78,85,7,7,22,143494.5,YES,0,0,Elongated in vern
Zhouyou,BR017-237,BR017-237111,1,1,1,85.29628472,69.73954529,126.0175024,87.2969213,15.18650567,4.139822317,9.882258467,103.2653016,83.20466447,1579,110.2967245,25.00043981,0,,0,90,97,8,9530,41880,5235,,90,,,21,114785,NO,0,Main Stem Aborted,0
STELLAR_DH,BR017-239,BR017-239111,1,1,1,80.35765046,69.65271313,132.9153895,86.35701389,16.2161666,5.423809306,10.49489116,88.40650047,84.39820733,1625,106.5411227,26.18347222,0,2.35765046,1,87,98,12,21720,121883,10156.91667,78,88,10,9,24,208158,NO,0,0,Elongated in vern
Apex,BR017-040,BR017-040111,1,1,1,87.16289352,69.61205347,132.6087858,90.84731481,19.29407241,6.380872727,13.14674011,95.20641235,81.17982034,1839,117.8234606,30.66056713,0,-0.83710648,0,90,109,20,9604,102344,5117.2,88,92,4,2,29,170151,NO,0,0,0
BRAUNER_SCHNITTKOHL,BR017-206,BR017-206111,1,1,1,89.14167824,69.57650682,134.9734427,95.13155093,18.24035235,5.926897334,13.11049961,90.01336955,75.75988934,1839,117.7904398,28.64876157,0,-0.85832176,0,95,109,15,7093,76436,5095.733333,90,95,5,5,24,116874,NO,0,0,0
N01D-1330,BR017-258,BR017-258213,2,1,3,80.99685185,69.15660983,118.4788184,83.00369213,11.38719787,2.533828914,7.574821003,109.5180493,78.71473131,1275,99.0096412,18.01278935,0,4.99685185,0,82,91,10,19407,78461.5,7846.15,76,83,7,6,21,137350.5,NO,0,0,0
Janetzkis_Schlesischer,BR017-107,BR017-107213,2,1,3,86.81135417,68.76560634,154.7804357,89.8103125,19.38614477,5.260868882,13.11506374,113.5743949,80.61340923,1839,117.9723958,31.16104167,0,-1.18864583,0,91,118,28,8905,155770,5563.214286,88,92,4,3,28,155770,NO,0,0,0
Vision,BR017-528,BR017-528111,1,1,1,87.21241898,68.33570159,120.1632653,90.75417824,19.52273803,6.640610524,12.77108941,90.12725529,82.86293879,1839,117.7322685,30.51984954,0,-0.78758102,0,94,99,6,5710,22012.5,3668.75,88,95,7,6,33,124829.5,NO,0,0,0
NORIN,BR017-109,BR017-109111,1,1,1,95.08383102,67.86925968,124.3930475,101.080625,18.5164831,6.350817173,12.01443892,86.20937827,82.46327661,1773,118.7794676,23.69563657,0,0.08383102,0,100,118,19,4603,56305,2963.421053,95,99,4,5,19,56305,NO,0,0,0
Liho,BR017-271,BR017-271111,1,1,1,79.35,66.15423782,85.50401427,79.35,9.64110571,2.164395077,6.698784361,76.23377161,68.74381607,1182,100.3384838,20.9884838,0,5.35,1,82,95,14,13995,87638.5,6259.892857,74,81,7,8,29,136323.5,NO,0,0,Elongated in vern
Zhongshuang_II,BR017-530,BR017-530212,2,1,2,79.65790509,65.56055852,93.95587049,86.65085648,12.02399763,4.724273451,8.568303346,54.50573568,68.77090787,1327,96.65107639,16.9931713,1,3.65790509,0,88,94,7,14718,56494,8070.571429,76,90,,,15,94250.5,YES,0,"Main Stem Aborted, branch BBCH51 83",0
STELLAR_DH,BR017-239,BR017-239212,2,1,2,80.54988426,65.45814573,125.6866214,83.54993056,17.67541667,5.235318287,11.73226314,94.16810459,77.3934227,1660,106.5976157,26.04773148,0,2.54988426,1,87,96,10,19679,78723.5,7872.35,78,88,10,9,20,176428,NO,0,0,Elongated in vern
Liho,BR017-271,BR017-271212,2,1,2,76.71393519,65.1210785,101.5239994,79.70796296,14.04614329,3.837202351,9.595503472,85.86985253,72.45581246,1463,95.73283565,19.01890046,0,7.71393519,1,79,92,14,24585,131101,9364.357143,69,81,12,10,22,221578,YES,0,0,Elongated in vern
Liho,BR017-271,BR017-271213,2,1,3,76.92385417,64.4756738,90.69342683,82.01282407,13.7959008,4.554201273,9.938830975,75.42486144,68.89643276,1365,96.91201389,19.98815972,0,7.92385417,1,80,93,14,23815,109472.5,7819.464286,69,81,12,11,27,175442.5,YES,0,0,Elongated in vern
N01D-1330,BR017-258,BR017-258212,2,1,2,81.60405093,64.36070435,115.630346,83.559375,12.17046967,2.615732474,7.71415625,102.648112,76.515173,1287,106.6070602,25.00300926,0,3.60405093,0,82,92,11,23990,110040,10003.63636,78,83,5,4,25,200841.5,NO,0,0,0
Apex,BR017-040,BR017-040112,1,1,2,87.47575231,64.15336281,127.1712951,92.51996528,18.95457926,5.70030305,12.31147711,98.24039092,78.78827142,1640,118.8109722,31.33521991,0,-0.52424769,0,92,99,8,8658,35267,4408.375,88,92,4,4,27,145323.5,NO,0,0,0
Shengliyoucai,BR017-526,BR017-526213,2,1,3,76.95540509,63.55937561,136.4118757,79.94859954,10.06932485,3.144918338,6.955661892,68.68222852,69.15229743,1060,100.9438889,23.9884838,0,0.95540509,1,82,88,7,17755,52921.5,7560.214286,76,81,5,6,14,104789.5,YES,0,0,Elongated in vern
Quinta,BR017-523,BR017-523212,2,1,2,87.62859954,62.59966904,122.3969401,89.6284838,18.71096154,4.47136767,11.70259089,112.8290128,78.72188381,1667,118.0565972,30.42799769,0,2.62859954,0,89,98,10,8867,44404.5,4440.45,85,90,5,4,30,127949.5,NO,0,0,0
Janetzkis_Schlesischer,BR017-107,BR017-107112,1,1,2,86.41836806,61.82488813,128.2963664,91.53305556,22.24185181,6.410834391,15.03049767,99.75300577,73.1346376,1839,117.7204398,31.30207176,0,-1.58163194,0,91,109,19,10082,112201,5905.315789,88,92,4,3,28,201067.5,NO,0,0,0
Wilhelmsburger,BR017-448,BR017-448213,2,1,3,79.88951389,61.33915728,128.3770975,82.88880787,20.07363737,5.555907407,12.66236156,99.4437019,77.13805957,1697,106.9311806,27.04166667,0,1.88951389,0,84,92,9,12060,58775,6530.555556,78,85,7,6,23,147282.5,NO,0,0,0
Kromerska,BR017-150,BR017-150111,1,1,1,89.20712963,61.01999066,128.6742682,94.196875,21.45362505,6.104818078,13.68068877,93.94219331,75.52616811,1839,117.7172917,28.51016204,0,-0.79287037,0,94,126,33,13013,210304,6372.848485,90,95,5,4,33,210304,NO,0,0,0
Slovenska_Krajova,BR017-172,BR017-172112,1,1,2,86.4215162,60.80831118,160.6567381,89.43171296,22.35056316,5.995752626,15.32215926,103.9902809,70.69826008,1839,117.7228125,31.3012963,0,1.4215162,0,89,109,21,10304,113144,5387.809524,85,90,5,4,38,224690,NO,0,0,0
N01D-1330,BR017-258,BR017-258111,1,1,1,82.37228009,60.79937176,113.4971446,83.20930556,12.59388013,2.526758819,6.881409034,104.6795594,83.95809596,1253,109.4690625,27.09678241,0,1.37228009,0,83,90,8,12559,26116.5,3264.5625,81,83,2,2,28,114702.5,NO,0,0,0
Janetzkis_Schlesischer,BR017-107,BR017-107111,1,1,1,87.06167824,60.27761605,133.3746274,91.46373843,22.48098198,6.186591239,14.33411514,100.1359191,75.2924048,1839,117.8030093,30.74133102,0,2.06167824,0,94,97,4,7530,14412.5,3603.125,85,92,7,9,25,138058.5,NO,0,0,0
Zhongshuang_II,BR017-530,BR017-530111,1,1,1,80.34186343,59.9049985,110.9011829,83.34094907,14.76003709,3.998923611,9.686951754,88.27375422,70.71367933,1328,109.9459722,29.6041088,1,4.34186343,0,90,98,9,16349,75518.5,8390.944444,76,97,,,11,107951.5,YES,0,"Main Stem Aborted, branch BBCH51 88",0
Cabernet,BR017-509,BR017-509212,2,1,2,91.60627315,59.78075113,124.3961778,94.56252315,21.39317382,6.035190548,14.09409128,96.51725084,72.2111117,1741,123.4923727,31.88609954,0,1.60627315,0,96,120,25,5585,83853.5,3354.14,90,97,7,6,31,108923.5,NO,0,0,0
Taisetsu,BR017-203,BR017-203112,1,1,2,87.48203704,58.69003419,163.3993029,91.40179398,20.10392422,4.792617148,9.67758204,111.734358,96.95087018,1611,120.5007986,33.01876157,0,-0.51796296,0,94,109,16,12778,107353.5,6709.59375,88,95,7,6,27,154176,YES,0,0,0
Zhongshuang_II,BR017-530,BR017-530213,2,1,3,82.02543981,58.27416609,82.77022291,86.9240625,10.98085212,2.776750188,7.20767203,58.88178228,63.99431024,1191,102.3645255,20.33908565,0,6.02543981,0,91,94,4,13895,39263,9815.75,76,90,,,12,78974.5,YES,0,"Main Stem Aborted, branch BBCH51 83",0
Darmor_ET,BR017-531,BR017-531111,1,1,1,89.29498843,58.04641053,116.0093989,95.28429398,21.48280985,6.622903498,13.23428799,84.40406842,74.73012533,1720,118.7243981,29.42940972,0,-0.70501157,0,95,118,24,7372,124361.5,5181.729167,90,95,5,5,24,124361.5,NO,0,0,0
ABUKUMA_NATANE,BR017-213,BR017-213112,1,1,2,86.47467593,57.57176489,180.6830167,91.39409722,21.45669848,4.934755103,10.92070814,112.7715537,89.80644729,1697,124.3978588,37.92318287,0,1.47467593,0,91,99,9,12023,55754.5,6194.944444,85,92,7,6,48,154415,NO,0,0,0
SWU_Chinese_1,BR017-229,BR017-229111,1,1,1,76.19019676,57.22136565,94.91784486,77.15945602,19.59582731,5.424354641,13.14823645,86.00101411,66.60589071,1637,102.7422338,26.55203704,0,2.19019676,0,81,94,14,18490,122714.5,8765.321429,74,83,9,7,30,181976,NO,0,0,0
Temple,BR017-527,BR017-527111,1,1,1,85.26467593,55.42154212,148.013705,87.2653125,20.48842303,3.930749753,9.89565544,125.5485673,90.41846752,1605,118.7002315,33.43555556,0,0.26467593,0,89,100,12,13844,94505.5,7875.458333,85,90,5,4,30,241102.5,NO,0,0,0
Kromerska,BR017-150,BR017-150112,1,1,2,87.43695602,54.67042453,113.6823864,94.43716435,22.9959802,7.297598536,14.71460332,75.91538467,67.51796013,1758,118.7298958,31.29293981,0,-0.56304398,0,94,100,7,5715,26842,3834.571429,88,95,7,6,33,123111,NO,0,0,0
Topas,BR017-283,BR017-283111,1,1,1,80.27856481,54.63886344,93.84097751,83.27788194,12.55882639,2.541095134,8.259106007,79.88681624,61.14463231,1208,98.2790162,18.00045139,0,2.27856481,0,83,95,13,11845,71061,5466.230769,78,83,5,5,28,113688.5,NO,0,0,0
Castille,BR017-511,BR017-511111,1,1,1,81.57173611,54.01470268,129.5413494,83.3062963,19.57244875,4.292600129,9.249490158,102.9678951,89.3562765,1538,110.306169,28.73443287,0,0.57173611,0,86,106,21,12715,131779.5,6275.214286,81,88,7,5,25,158629.5,NO,0,0,0
Topas,BR017-283,BR017-283212,2,1,2,78.65800926,53.93457583,85.34978135,82.63106481,19.02860983,5.011087308,11.36916139,79.72321683,69.59616221,1567,106.67375,28.01574074,0,4.65800926,0,82,94,13,23077,125586,9660.461538,74,83,9,8,25,206223.5,NO,0,0,0
Xiangyou_15,BR017-529,BR017-529212,2,1,2,78.58094907,53.91884685,119.6490295,81.59321759,21.45261013,4.622628983,9.83846596,108.9207033,92.67196774,1633,106.5962269,28.01527778,0,2.58094907,0,82,91,10,15003,74907,7490.7,76,83,7,6,25,174197.5,NO,0,0,0
LEMBKES_MALCHOWER_LENORA,BR017-108,BR017-108112,1,1,2,96.42354167,53.25593055,141.7700079,97.95418981,25.8957075,7.730515178,18.68596737,83.2415415,59.04163153,1839,128.4988194,32.07527778,0,1.42354167,0,99,118,20,5052,74031.5,3701.575,95,97,2,4,46,157340.5,NO,0,0,0
Temple,BR017-527,BR017-527213,2,1,3,84.92238426,52.52583525,143.3438486,86.97930556,23.92536918,4.81519458,12.21959824,115.3639777,81.32427763,1753,119.6787731,34.75638889,0,1.92238426,0,88,102,15,11969,126233.5,8415.566667,83,88,5,5,32,245085.5,NO,0,0,0
Dwarf_Essex,BR017-193,BR017-193112,1,1,2,98.52078704,50.52430842,60.00462999,102.5920718,23.53520587,9.443657377,18.47695407,48.02164902,49.42643666,1839,126.6300231,28.10923611,0,3.52078704,0,102,130,29,9890,126786,4371.931034,95,102,7,7,52,234344,NO,0,0,0
Dwarf_Essex,BR017-193,BR017-193213,2,1,3,88.99592593,48.62170393,82.59248638,96.76616898,24.27105396,8.601444311,17.21248029,51.67736765,52.53455543,1839,118.0502778,29.05435185,0,-3.00407407,0,95,120,26,6475,109268,4202.615385,92,97,5,3,44,175393,NO,0,0,0
SWU_Chinese_2,BR017-230,BR017-230111,1,1,1,76.29954861,48.26360766,115.0035752,78.32006944,15.85045207,2.346735456,10.75465774,109.5138352,53.41871531,1270,97.81427083,21.51472222,1,2.29954861,0,86,90,5,28540,61234,12246.8,74,88,,,13,169686,YES,0,"Main Stem Aborted, branch BBCH51 83",0
Kromerska,BR017-150,BR017-150213,2,1,3,89.01940972,48.23620845,168.361902,91.83162037,25.68402534,3.540554352,10.07600397,148.7055268,96.44200249,1781,126.5204282,37.50101852,0,1.01940972,0,92,117,26,5555,100740.5,3874.634615,88,92,4,4,35,131942.5,NO,0,0,0
Lesira,BR017-102,BR017-102112,1,1,2,86.36333333,47.72191232,171.0694141,89.37383102,25.62344928,3.923378858,17.31858575,133.0485836,55.43177798,1752,118.7952199,32.43188657,0,3.36333333,0,90,110,21,11352,88106.5,4195.547619,83,92,9,7,29,157997.5,NO,0,0,0
NORIN,BR017-109,BR017-109112,1,1,2,89.42225694,47.07774359,106.4043677,94.41196759,27.59690463,8.385344832,18.94995169,70.12233984,54.48562703,1778,137.4979167,48.07565972,0,-0.57774306,0,94,100,7,5911,31742,4534.571429,90,95,5,4,38,139009.5,YES,0,0,0
SLAPSKA_SLAPY,BR017-212,BR017-212111,1,1,1,94.04983796,45.48712812,116.9972917,99.04987269,27.46051579,5.120286495,12.40971087,100.2873571,78.4264847,1839,125.3229514,31.27311343,0,2.04983796,0,101,137,37,8014,73282.5,1980.608108,92,102,10,9,38,78152.5,NO,0,0,0
Darmor_ET,BR017-531,BR017-531212,2,1,2,88.75494213,44.49995517,115.4700826,91.69737269,17.2764219,3.631381027,7.548925335,84.81621666,78.95163531,1152,118.0818287,29.32688657,0,0.75494213,0,92,106,15,5210,26098.5,1739.9,88,92,4,4,27,68501,NO,0,0,0
MONTY-028DH,BR017-257,BR017-257111,1,1,1,76.25270833,43.03271137,98.03055094,77.22179398,19.84072053,3.605687135,12.1754838,82.3698754,52.97530766,1392,101.2216319,24.96892361,0,2.25270833,1,78,90,13,23935,93326,7178.923077,74,78,4,4,33,298348.5,NO,0,0,Elongated in vern
Cabernet,BR017-509,BR017-509111,1,1,1,89.21662037,41.94174342,102.0695564,94.20634259,22.89365967,4.901547057,15.20027557,80.17876712,49.17674004,1418,123.4317593,34.21513889,0,-0.78337963,0,95,118,24,4975,62995,2624.791667,90,95,5,5,46,109597,YES,0,0,0
RAPID_CYCLING_RAPE_CrGC5,BR017-221,BR017-221213,2,1,3,71.73630787,40.85005658,83.75087991,72.73928241,17.71845771,2.876604938,11.438951,80.30299779,47.11970528,1232,95.77041667,24.0341088,0,2.73630787,0,74,91,18,8690,67522.5,3751.25,69,76,7,5,33,92117.5,NO,0,0,0
BRAUNER_SCHNITTKOHL,BR017-206,BR017-206213,2,1,3,91.88133102,40.49719974,127.9969415,96.83971065,28.89335578,6.226527408,19.81857991,69.78207459,45.12180006,1839,125.4706597,33.5893287,0,-1.11866898,0,98,137,40,6207,81521,2038.025,93,99,6,5,41,87024,NO,0,0,0
WESTAR_DH,BR017-240,BR017-240111,1,1,1,79.21516204,36.50484562,90.79646018,83.20299769,19.46316956,3.025428751,10.22693311,70.23797864,51.21281173,1245,103.6003704,24.38520833,0,1.21516204,1,81,94,14,9305,65884,4706,78,81,3,3,30,110736.5,NO,0,0,Elongated in vern
RAPID_CYCLING_RAPE_CrGC5,BR017-221,BR017-221112,1,1,2,72.41041667,33.18444664,71.91177491,74.43173611,20.24743722,2.920874143,12.67471712,65.5625647,38.79771005,1201,104.6240394,32.21362269,0,3.41041667,0,75,86,12,6068,19111.5,1592.625,69,76,7,6,35,62756,NO,0,0,0
RAPID_CYCLING_RAPE_CrGC5,BR017-221,BR017-221111,1,1,1,72.11008102,33.11494241,63.00218758,74.05849537,20.235578,3.403193315,13.26295363,59.50293775,37.30315387,1169,102.6411111,30.53103009,0,,0,75,91,17,5082,34397,2023.352941,,74,,,36,57934,NO,0,0,0
MONTY-028DH,BR017-257,BR017-257213,2,1,3,81.97891204,31.81543076,65.30680804,81.97891204,14.94872106,1.455938786,7.660028783,53.57368095,42.62386073,994,106.9248611,24.94594907,0,3.97891204,1,83,95,13,5350,33789.5,2599.192308,78,83,5,5,24,62972,NO,0,"Split Meristem, BBCH61 for a branch",Elongated in vern
APEX-93_5_X_GINYOU_3_DH_LINE,BR017-090,BR017-090213,2,1,3,81.83653935,,,,,,,,,,,,,0.83653935,,,,,,,,81,,,,,,,0,"Branch BBCH51 83, all rest data for branch",0
CANBERRA_x_COURAGE_DH_LINE,BR017-093,BR017-093111,1,1,1,86.13434028,,,,,,,,,,,,1,1.13434028,0,90,,,,,,85,90,,5,,,,99,0,0
CANBERRA_x_COURAGE_DH_LINE,BR017-093,BR017-093112,1,1,2,86.41521991,,,,,,,,,,,,1,1.41521991,0,,,,,,,85,92,7,,,,,92,0,0
EUROL,BR017-101,BR017-101213,2,1,3,,,,,,,,,,,,,,,,,,,,,,,,,,,,,C6 L4,All data for branches,stunted plant
Lesira,BR017-102,BR017-102111,1,1,1,86.05537037,,,,,,,,,,,,1,3.05537037,0,91,,,,,,83,92,9,8,,,,95,0,0
Lesira,BR017-102,BR017-102213,2,1,3,83.70737269,,,,,,,,,,,,1,2.70737269,0,88,,,,,,81,90,9,7,31,96867,NO,0,0,0
LICROWN_X_EXPRESS_DH_LINE,BR017-105,BR017-105112,1,1,2,86.40753472,,,,,,,,,,,,1,3.40753472,0,91,,,,,,83,90,7,8,,,,92,0,0
LICROWN_X_EXPRESS_DH_LINE,BR017-105,BR017-105213,2,1,3,85.74579861,,,,,,,,,,,,1,2.74579861,0,89,,,,,,83,90,7,6,18,49623.5,NO,0,0,0
SHANNON_x_WINNER_DH_LINE,BR017-106,BR017-106111,1,1,1,85.06481481,,,,,,,,,,,,1,2.06481481,0,94,,,,,,83,92,9,11,,,,95,0,0
SHANNON_x_WINNER_DH_LINE,BR017-106,BR017-106112,1,1,2,84.50363426,,,,,,,,,,,,1,3.50363426,0,91,,,,,,81,92,11,10,,,,92,0,0
SHANNON_x_WINNER_DH_LINE,BR017-106,BR017-106213,2,1,3,82.80372685,,,,,,,,,,,,1,-2.19627315,0,,,,,,,85,,,,,,,0,"Main stem aborted, branch BBCH51 *88 ",0
Samourai,BR017-113,BR017-113111,1,1,1,86.19199074,,,,,,,,,,,,1,3.19199074,0,,,,,,,83,,,,,,,0,"Main stem aborted, branch BBCH51 *88 ",0
Samourai,BR017-113,BR017-113112,1,1,2,86.48866898,,,,,,,,,,,,1,5.48866898,0,91,,,,,,81,90,9,10,,,NO,92,0,0
Matador,BR017-160,BR017-160213,2,1,3,84.87021991,,,,,,,,,,,,1,1.87021991,0,88,,,,,,83,88,5,5,19,64319,NO,0,Split Meristem,0
Dwarf_Essex,BR017-193,BR017-193111,1,1,1,,,,,,,,,,,,,0,,0,,,16,2635,23910,1494.375,,,4,4,16,23910,NO,0,0,0
CHEMBERE_DZAGUMHANA,BR017-207,BR017-207111,1,1,1,87.0484375,,,,,,,,,,,,1,2.0484375,0,91,,,,,,85,92,7,6,48,224121.5,NO,0,0,0
CHEMBERE_DZAGUMHANA,BR017-207,BR017-207112,1,1,2,86.36649306,,,,,,,,,,,,1,-1.63350694,0,90,,,,,,88,90,2,2,,,,99,0,0
CHEMBERE_DZAGUMHANA,BR017-207,BR017-207213,2,1,3,85.80518519,,,,,,,,,,,,1,2.80518519,0,89,,,,,,83,90,7,6,38,166719,NO,0,0,0
COUVE_NABICA,BR017-208,BR017-208111,1,1,1,86.12033565,,,,,,,,,,,,1,3.12033565,0,,,,,,,83,92,9,,,,,92,0,0
COUVE_NABICA,BR017-208,BR017-208112,1,1,2,85.49427083,,,,,,,,,,,,1,2.49427083,0,92,,,,,,83,92,9,9,,,,92,fasciated stem,severe
COUVE_NABICA,BR017-208,BR017-208213,2,1,3,85.85190972,,,,,,,,,,,,1,2.85190972,0,95,,,,,,83,92,9,12,44,72829.5,NO,0,0,0
RAGGED_JACK,BR017-209,BR017-209111,1,1,1,,,,,,,,,,,,,,,,,,,,,,,,,,,,,0,0,0
RAGGED_JACK,BR017-209,BR017-209112,1,1,2,,,,,,,,,,,,,,,,,,,,,,,,,,,,,0,0,0
RAGGED_JACK,BR017-209,BR017-209213,2,1,3,,,,,,,,,,,,,,,,,,,,,,,,,,,,,0,0,0
SLAPSKA_SLAPY,BR017-212,BR017-212112,1,1,2,,,,,,,,,,,,,,,,,,,,,,,111,,,,,,0,"Main stem aborted, all data for branches",0
SLAPSKA_SLAPY,BR017-212,BR017-212213,2,1,3,,,,,,,,,,,,,,,,,,,,,,,113,,,,,,0,"Main stem aborted, all data for branches",0
SWU_Chinese_1,BR017-229,BR017-229213,2,1,3,76.73284722,,,,,,,,,,,,1,0.73284722,0,,,,,,,76,88,,,,,,0,"Main Stem Aborted, branch BBCH51 83",0
SWU_Chinese_2,BR017-230,BR017-230112,1,1,2,76.54493056,,,,,,,,,,,,1,,0,85,,,,,,,,,,25,187247,NO,0,Main Stem Aborted,0
SWU_Chinese_2,BR017-230,BR017-230213,2,1,3,75.03667824,,,,,,,,,,,,1,6.03667824,0,84,,,,,,69,85,,,23,193246.5,NO,0,"Main Stem Aborted, branch BBCH51 83",0
WESTAR_DH,BR017-240,BR017-240212,2,1,2,79.63905093,,,,,,,,,,,,1,3.63905093,1,83,,,,,,76,83,7,7,24,177698,NO,0,0,Elongated in vern
WESTAR_DH,BR017-240,BR017-240213,2,1,3,78.89253472,,,,,,,,,,,,1,0.89253472,1,82,,,,,,78,83,5,4,25,173309.5,NO,0,0,Elongated in vern
MONTY-028DH,BR017-257,BR017-257212,2,1,2,73.64342593,,,,,,,,,,,,1,-0.35657407,1,76,,,,,,74,76,2,2,31,319925,NO,0,0,Elongated in vern
ERGLU,BR017-263,BR017-263111,1,1,1,82.37858796,,,,,,,,,,,,1,1.37858796,0,87,,,,,,81,88,7,6,,,,92,Purple Stem,0
ERGLU,BR017-263,BR017-263212,2,1,2,81.63550926,,,,,,,,,,,,1,3.63550926,0,85,,,,,,78,85,7,7,22,197913,NO,0,Purple Stem,0
Bronowski,BR017-273,BR017-273212,2,1,2,78.7296875,,,,,,,,,,,,1,0.7296875,0,83,,,,,,78,83,5,5,24,186569.5,NO,0,Purple Stem,0
Bronowski,BR017-273,BR017-273213,2,1,3,77.92731481,,,,,,,,,,,,1,1.92731481,0,82,,,,,,76,83,7,6,21,175328.5,NO,0,Purple Stem,0
Ceska_Krajova,BR017-274,BR017-274212,2,1,2,82.59315972,,,,,,,,,,,,1,1.59315972,0,87,,,,,,81,88,7,6,20,79899.5,NO,0,0,0
Topas,BR017-283,BR017-283213,2,1,3,,,,,,,,,,,,,,,,,,,,,,81,,,,,,,0,"Main Stem Aborted, branch BBCH51 83",0
Wilhelmsburger,BR017-448,BR017-448111,1,1,1,81.48434028,,,,,,,,,,,,1,3.48434028,0,87,,,,,,78,88,10,9,,,,90,0,0
Cabernet,BR017-509,BR017-509213,2,1,3,,,,,,,,,,,,,0,,0,,125,3,2920,3690,1230,,,7,5,4,5120,NO,0,0,0
Castille,BR017-511,BR017-511212,2,1,2,,,,,,,,,,,,,,,0,,,,,,,82,,,,,,,0,*81-83,0
Catana,BR017-512,BR017-512111,1,1,1,82.39748843,,,,,,,,,,,,1,1.39748843,0,89,,,,,,81,88,7,8,22,115796.5,NO,90,0,0
Chuanyou_2,BR017-513,BR017-513213,2,1,3,83.91693287,,,,,,,,,,,,1,7.91693287,0,91,,,,,,76,90,,,19,145460,NO,0,"Main Stem Aborted, branch BBCH51 83",0
Dimension,BR017-514,BR017-514111,1,1,1,86.30021991,,,,,,,,,,,,1,3.30021991,0,90,,,,,,83,90,7,7,,,,92,0,severe
Dimension,BR017-514,BR017-514212,2,1,2,87.65685185,,,,,,,,,,,,1,2.65685185,0,91,,,,,,85,90,5,6,28,7567.5,NO,0,0,0
Dimension,BR017-514,BR017-514213,2,1,3,85.00146991,,,,,,,,,,,,1,2.00146991,0,88,,,,,,83,88,5,5,31,77045.5,NO,0,0,0
Excalibur,BR017-515,BR017-515111,1,1,1,84.225,,,,,,,,,,,,1,3.225,0,89,,,,,,81,88,7,8,,,,90,0,0
Excalibur,BR017-515,BR017-515212,2,1,2,82.59944444,,,,,,,,,,,,1,1.59944444,0,86,,,,,,81,88,7,5,21,120339.5,NO,0,0,0
Excalibur,BR017-515,BR017-515213,2,1,3,82.99106481,,,,,,,,,,,,1,1.99106481,0,85,,,,,,81,88,7,4,35,240809,NO,0,0,0
Flash,BR017-516,BR017-516111,1,1,1,83.35040509,,,,,,,,,,,,1,0.35040509,0,87,,,,,,83,88,5,4,,,,90,0,0
Flash,BR017-516,BR017-516212,2,1,2,83.69476852,,,,,,,,,,,,1,2.69476852,0,88,,,,,,81,90,9,7,19,105394,NO,0,0,0
Flash,BR017-516,BR017-516213,2,1,3,82.87621528,,,,,,,,,,,,1,-0.12378472,0,87,,,,,,83,88,5,4,20,80122,NO,0,0,0
Huron_x_Navajo,BR017-517,BR017-517212,2,1,2,87.55619213,,,,,,,,,,,,1,4.55619213,0,88,,,,,,83,85,2,5,30,128956,NO,0,0,0
Inca_x_Contact,BR017-518,BR017-518213,2,1,3,84.95703704,,,,,,,,,,,,1,1.95703704,0,88,,,,,,83,88,5,5,30,225853.5,NO,0,0,0
Ningyou_7,BR017-520,BR017-520212,2,1,2,83.64158565,,,,,,,,,,,,1,3.64158565,0,88,,,,,,80,90,,,19,151761.5,NO,0,"Main Stem Aborted, branch BBCH51 83",0
Rocket,BR017-524,BR017-524111,1,1,1,86.28121528,,,,,,,,,,,,1,-1.71878472,0,90,,,,,,88,90,2,2,29,222855,NO,0,0,0
Shengliyoucai,BR017-526,BR017-526212,2,1,2,78.60436343,,,,,,,,,,,,1,2.60436343,1,82,,,,,,76,85,9,6,25,130875.5,NO,0,0,Elongated in vern
Vision,BR017-528,BR017-528212,2,1,2,,,,,,,,,,,,,,,,,,,,,,,,,,,,,0,"Main stem aborted, all data for branches",0
Xiangyou_15,BR017-529,BR017-529111,1,1,1,82.08244213,,,,,,,,,,,,0,6.08244213,0,90,,,,,,76,95,,,,,,0,"Main Stem Aborted, branch BBCH51 88",0
Express,BR017-532,BR017-532111,1,1,1,85.35953704,,,,,,,,,,,,1,2.35953704,0,89,,,,,,83,88,5,6,,,,90,0,0
